scenario,mechanism,target_rate,actual_miss_rate,strategy,seed,AUROC,Brier,n_folds
complete,none,0.0,0.0,fold_impute,1,0.5114,0.251,5
complete,none,0.0,0.0,fold_impute,2,0.4909,0.2521,5
complete,none,0.0,0.0,fold_impute,3,0.5108,0.2505,5
complete,none,0.0,0.0,fold_impute,4,0.5056,0.2512,5
complete,none,0.0,0.0,fold_impute,5,0.4757,0.2519,5
complete,none,0.0,0.0,fold_impute,6,0.4996,0.2517,5
complete,none,0.0,0.0,fold_impute,7,0.499,0.252,5
complete,none,0.0,0.0,fold_impute,8,0.5004,0.251,5
complete,none,0.0,0.0,fold_impute,9,0.4986,0.2521,5
complete,none,0.0,0.0,fold_impute,10,0.5251,0.2509,5
complete,none,0.0,0.0,fold_impute,11,0.5318,0.2507,5
complete,none,0.0,0.0,fold_impute,12,0.5079,0.2514,5
complete,none,0.0,0.0,fold_impute,13,0.5081,0.2519,5
complete,none,0.0,0.0,fold_impute,14,0.5356,0.2497,5
complete,none,0.0,0.0,fold_impute,15,0.543,0.2485,5
complete,none,0.0,0.0,fold_impute,16,0.5268,0.2498,5
complete,none,0.0,0.0,fold_impute,17,0.4963,0.2524,5
complete,none,0.0,0.0,fold_impute,18,0.4972,0.252,5
complete,none,0.0,0.0,fold_impute,19,0.4896,0.2517,5
complete,none,0.0,0.0,fold_impute,20,0.5252,0.2506,5
complete,none,0.0,0.0,global_impute,1,0.5114,0.251,5
complete,none,0.0,0.0,global_impute,2,0.4909,0.2521,5
complete,none,0.0,0.0,global_impute,3,0.5108,0.2505,5
complete,none,0.0,0.0,global_impute,4,0.5056,0.2512,5
complete,none,0.0,0.0,global_impute,5,0.4757,0.2519,5
complete,none,0.0,0.0,global_impute,6,0.4996,0.2517,5
complete,none,0.0,0.0,global_impute,7,0.499,0.252,5
complete,none,0.0,0.0,global_impute,8,0.5004,0.251,5
complete,none,0.0,0.0,global_impute,9,0.4986,0.2521,5
complete,none,0.0,0.0,global_impute,10,0.5251,0.2509,5
complete,none,0.0,0.0,global_impute,11,0.5318,0.2507,5
complete,none,0.0,0.0,global_impute,12,0.5079,0.2514,5
complete,none,0.0,0.0,global_impute,13,0.5081,0.2519,5
complete,none,0.0,0.0,global_impute,14,0.5356,0.2497,5
complete,none,0.0,0.0,global_impute,15,0.543,0.2485,5
complete,none,0.0,0.0,global_impute,16,0.5268,0.2498,5
complete,none,0.0,0.0,global_impute,17,0.4963,0.2524,5
complete,none,0.0,0.0,global_impute,18,0.4972,0.252,5
complete,none,0.0,0.0,global_impute,19,0.4896,0.2517,5
complete,none,0.0,0.0,global_impute,20,0.5252,0.2506,5
MCAR_5pct,MCAR,0.05,0.05,fold_impute,1,0.5184,0.2507,5
MCAR_5pct,MCAR,0.05,0.05,fold_impute,2,0.4954,0.2515,5
MCAR_5pct,MCAR,0.05,0.05,fold_impute,3,0.5113,0.2509,5
MCAR_5pct,MCAR,0.05,0.05,fold_impute,4,0.5006,0.2515,5
MCAR_5pct,MCAR,0.05,0.05,fold_impute,5,0.4784,0.252,5
MCAR_5pct,MCAR,0.05,0.05,fold_impute,6,0.5065,0.2515,5
MCAR_5pct,MCAR,0.05,0.05,fold_impute,7,0.4986,0.2523,5
MCAR_5pct,MCAR,0.05,0.05,fold_impute,8,0.5046,0.2509,5
MCAR_5pct,MCAR,0.05,0.05,fold_impute,9,0.4858,0.253,5
MCAR_5pct,MCAR,0.05,0.05,fold_impute,10,0.5175,0.2516,5
MCAR_5pct,MCAR,0.05,0.05,fold_impute,11,0.5292,0.2509,5
MCAR_5pct,MCAR,0.05,0.05,fold_impute,12,0.5104,0.2517,5
MCAR_5pct,MCAR,0.05,0.05,fold_impute,13,0.5014,0.252,5
MCAR_5pct,MCAR,0.05,0.05,fold_impute,14,0.5345,0.2494,5
MCAR_5pct,MCAR,0.05,0.05,fold_impute,15,0.5444,0.2483,5
MCAR_5pct,MCAR,0.05,0.05,fold_impute,16,0.5204,0.2504,5
MCAR_5pct,MCAR,0.05,0.05,fold_impute,17,0.4973,0.2523,5
MCAR_5pct,MCAR,0.05,0.05,fold_impute,18,0.4942,0.2522,5
MCAR_5pct,MCAR,0.05,0.05,fold_impute,19,0.49,0.2519,5
MCAR_5pct,MCAR,0.05,0.05,fold_impute,20,0.5302,0.2508,5
MCAR_5pct,MCAR,0.05,0.05,global_impute,1,0.5178,0.2507,5
MCAR_5pct,MCAR,0.05,0.05,global_impute,2,0.4957,0.2515,5
MCAR_5pct,MCAR,0.05,0.05,global_impute,3,0.5103,0.2509,5
MCAR_5pct,MCAR,0.05,0.05,global_impute,4,0.4996,0.2515,5
MCAR_5pct,MCAR,0.05,0.05,global_impute,5,0.4786,0.252,5
MCAR_5pct,MCAR,0.05,0.05,global_impute,6,0.5065,0.2515,5
MCAR_5pct,MCAR,0.05,0.05,global_impute,7,0.4983,0.2524,5
MCAR_5pct,MCAR,0.05,0.05,global_impute,8,0.5036,0.251,5
MCAR_5pct,MCAR,0.05,0.05,global_impute,9,0.4856,0.253,5
MCAR_5pct,MCAR,0.05,0.05,global_impute,10,0.5169,0.2517,5
MCAR_5pct,MCAR,0.05,0.05,global_impute,11,0.5299,0.2509,5
MCAR_5pct,MCAR,0.05,0.05,global_impute,12,0.5112,0.2516,5
MCAR_5pct,MCAR,0.05,0.05,global_impute,13,0.5014,0.252,5
MCAR_5pct,MCAR,0.05,0.05,global_impute,14,0.5342,0.2494,5
MCAR_5pct,MCAR,0.05,0.05,global_impute,15,0.5443,0.2483,5
MCAR_5pct,MCAR,0.05,0.05,global_impute,16,0.52,0.2504,5
MCAR_5pct,MCAR,0.05,0.05,global_impute,17,0.4976,0.2523,5
MCAR_5pct,MCAR,0.05,0.05,global_impute,18,0.4939,0.2522,5
MCAR_5pct,MCAR,0.05,0.05,global_impute,19,0.4895,0.252,5
MCAR_5pct,MCAR,0.05,0.05,global_impute,20,0.5305,0.2507,5
MCAR_10pct,MCAR,0.1,0.1,fold_impute,1,0.5086,0.2518,5
MCAR_10pct,MCAR,0.1,0.1,fold_impute,2,0.4986,0.2528,5
MCAR_10pct,MCAR,0.1,0.1,fold_impute,3,0.5181,0.2508,5
MCAR_10pct,MCAR,0.1,0.1,fold_impute,4,0.5096,0.2511,5
MCAR_10pct,MCAR,0.1,0.1,fold_impute,5,0.4656,0.2533,5
MCAR_10pct,MCAR,0.1,0.1,fold_impute,6,0.5045,0.252,5
MCAR_10pct,MCAR,0.1,0.1,fold_impute,7,0.4892,0.2531,5
MCAR_10pct,MCAR,0.1,0.1,fold_impute,8,0.489,0.2518,5
MCAR_10pct,MCAR,0.1,0.1,fold_impute,9,0.4876,0.2528,5
MCAR_10pct,MCAR,0.1,0.1,fold_impute,10,0.511,0.2515,5
MCAR_10pct,MCAR,0.1,0.1,fold_impute,11,0.5306,0.2512,5
MCAR_10pct,MCAR,0.1,0.1,fold_impute,12,0.5138,0.251,5
MCAR_10pct,MCAR,0.1,0.1,fold_impute,13,0.5073,0.2526,5
MCAR_10pct,MCAR,0.1,0.1,fold_impute,14,0.515,0.2505,5
MCAR_10pct,MCAR,0.1,0.1,fold_impute,15,0.5496,0.2484,5
MCAR_10pct,MCAR,0.1,0.1,fold_impute,16,0.5171,0.2505,5
MCAR_10pct,MCAR,0.1,0.1,fold_impute,17,0.4992,0.2519,5
MCAR_10pct,MCAR,0.1,0.1,fold_impute,18,0.4974,0.2518,5
MCAR_10pct,MCAR,0.1,0.1,fold_impute,19,0.4857,0.2524,5
MCAR_10pct,MCAR,0.1,0.1,fold_impute,20,0.5268,0.2505,5
MCAR_10pct,MCAR,0.1,0.1,global_impute,1,0.5092,0.2518,5
MCAR_10pct,MCAR,0.1,0.1,global_impute,2,0.4973,0.2529,5
MCAR_10pct,MCAR,0.1,0.1,global_impute,3,0.5174,0.2508,5
MCAR_10pct,MCAR,0.1,0.1,global_impute,4,0.5105,0.2511,5
MCAR_10pct,MCAR,0.1,0.1,global_impute,5,0.4664,0.2533,5
MCAR_10pct,MCAR,0.1,0.1,global_impute,6,0.5038,0.252,5
MCAR_10pct,MCAR,0.1,0.1,global_impute,7,0.4885,0.2531,5
MCAR_10pct,MCAR,0.1,0.1,global_impute,8,0.4871,0.2519,5
MCAR_10pct,MCAR,0.1,0.1,global_impute,9,0.4881,0.2528,5
MCAR_10pct,MCAR,0.1,0.1,global_impute,10,0.5085,0.2517,5
MCAR_10pct,MCAR,0.1,0.1,global_impute,11,0.5309,0.2511,5
MCAR_10pct,MCAR,0.1,0.1,global_impute,12,0.5138,0.2511,5
MCAR_10pct,MCAR,0.1,0.1,global_impute,13,0.5064,0.2526,5
MCAR_10pct,MCAR,0.1,0.1,global_impute,14,0.5155,0.2504,5
MCAR_10pct,MCAR,0.1,0.1,global_impute,15,0.5499,0.2483,5
MCAR_10pct,MCAR,0.1,0.1,global_impute,16,0.5174,0.2505,5
MCAR_10pct,MCAR,0.1,0.1,global_impute,17,0.4987,0.252,5
MCAR_10pct,MCAR,0.1,0.1,global_impute,18,0.4971,0.2518,5
MCAR_10pct,MCAR,0.1,0.1,global_impute,19,0.4848,0.2524,5
MCAR_10pct,MCAR,0.1,0.1,global_impute,20,0.5266,0.2505,5
MCAR_20pct,MCAR,0.2,0.2,fold_impute,1,0.5002,0.2517,5
MCAR_20pct,MCAR,0.2,0.2,fold_impute,2,0.4752,0.2532,5
MCAR_20pct,MCAR,0.2,0.2,fold_impute,3,0.5179,0.251,5
MCAR_20pct,MCAR,0.2,0.2,fold_impute,4,0.5048,0.2515,5
MCAR_20pct,MCAR,0.2,0.2,fold_impute,5,0.4727,0.2524,5
MCAR_20pct,MCAR,0.2,0.2,fold_impute,6,0.4908,0.2523,5
MCAR_20pct,MCAR,0.2,0.2,fold_impute,7,0.5159,0.2508,5
MCAR_20pct,MCAR,0.2,0.2,fold_impute,8,0.5081,0.2506,5
MCAR_20pct,MCAR,0.2,0.2,fold_impute,9,0.4939,0.2526,5
MCAR_20pct,MCAR,0.2,0.2,fold_impute,10,0.5158,0.251,5
MCAR_20pct,MCAR,0.2,0.2,fold_impute,11,0.5191,0.252,5
MCAR_20pct,MCAR,0.2,0.2,fold_impute,12,0.5147,0.2514,5
MCAR_20pct,MCAR,0.2,0.2,fold_impute,13,0.5132,0.2508,5
MCAR_20pct,MCAR,0.2,0.2,fold_impute,14,0.5166,0.2512,5
MCAR_20pct,MCAR,0.2,0.2,fold_impute,15,0.5449,0.2487,5
MCAR_20pct,MCAR,0.2,0.2,fold_impute,16,0.5188,0.2508,5
MCAR_20pct,MCAR,0.2,0.2,fold_impute,17,0.4737,0.2531,5
MCAR_20pct,MCAR,0.2,0.2,fold_impute,18,0.4921,0.2524,5
MCAR_20pct,MCAR,0.2,0.2,fold_impute,19,0.4798,0.2524,5
MCAR_20pct,MCAR,0.2,0.2,fold_impute,20,0.5034,0.2517,5
MCAR_20pct,MCAR,0.2,0.2,global_impute,1,0.5006,0.2517,5
MCAR_20pct,MCAR,0.2,0.2,global_impute,2,0.4758,0.2532,5
MCAR_20pct,MCAR,0.2,0.2,global_impute,3,0.5181,0.251,5
MCAR_20pct,MCAR,0.2,0.2,global_impute,4,0.5046,0.2515,5
MCAR_20pct,MCAR,0.2,0.2,global_impute,5,0.4722,0.2524,5
MCAR_20pct,MCAR,0.2,0.2,global_impute,6,0.4918,0.2522,5
MCAR_20pct,MCAR,0.2,0.2,global_impute,7,0.5145,0.2509,5
MCAR_20pct,MCAR,0.2,0.2,global_impute,8,0.5088,0.2505,5
MCAR_20pct,MCAR,0.2,0.2,global_impute,9,0.4933,0.2526,5
MCAR_20pct,MCAR,0.2,0.2,global_impute,10,0.5156,0.2511,5
MCAR_20pct,MCAR,0.2,0.2,global_impute,11,0.5193,0.2522,5
MCAR_20pct,MCAR,0.2,0.2,global_impute,12,0.5146,0.2514,5
MCAR_20pct,MCAR,0.2,0.2,global_impute,13,0.5127,0.2508,5
MCAR_20pct,MCAR,0.2,0.2,global_impute,14,0.5178,0.2511,5
MCAR_20pct,MCAR,0.2,0.2,global_impute,15,0.5447,0.2487,5
MCAR_20pct,MCAR,0.2,0.2,global_impute,16,0.5177,0.2508,5
MCAR_20pct,MCAR,0.2,0.2,global_impute,17,0.4743,0.253,5
MCAR_20pct,MCAR,0.2,0.2,global_impute,18,0.4922,0.2524,5
MCAR_20pct,MCAR,0.2,0.2,global_impute,19,0.4791,0.2524,5
MCAR_20pct,MCAR,0.2,0.2,global_impute,20,0.5038,0.2518,5
MAR_bmi,MAR,0.1,0.0855,fold_impute,1,0.5016,0.2517,5
MAR_bmi,MAR,0.1,0.0815,fold_impute,2,0.496,0.2525,5
MAR_bmi,MAR,0.1,0.0895,fold_impute,3,0.5041,0.2508,5
MAR_bmi,MAR,0.1,0.0847,fold_impute,4,0.52,0.2506,5
MAR_bmi,MAR,0.1,0.0863,fold_impute,5,0.4816,0.2518,5
MAR_bmi,MAR,0.1,0.0828,fold_impute,6,0.4997,0.2521,5
MAR_bmi,MAR,0.1,0.0835,fold_impute,7,0.4925,0.2536,5
MAR_bmi,MAR,0.1,0.0735,fold_impute,8,0.5032,0.2507,5
MAR_bmi,MAR,0.1,0.077,fold_impute,9,0.4985,0.2524,5
MAR_bmi,MAR,0.1,0.0765,fold_impute,10,0.5268,0.2504,5
MAR_bmi,MAR,0.1,0.0872,fold_impute,11,0.5207,0.2522,5
MAR_bmi,MAR,0.1,0.0868,fold_impute,12,0.5065,0.2518,5
MAR_bmi,MAR,0.1,0.0813,fold_impute,13,0.5062,0.2518,5
MAR_bmi,MAR,0.1,0.0832,fold_impute,14,0.5412,0.2492,5
MAR_bmi,MAR,0.1,0.0803,fold_impute,15,0.5451,0.2488,5
MAR_bmi,MAR,0.1,0.084,fold_impute,16,0.5243,0.2501,5
MAR_bmi,MAR,0.1,0.0812,fold_impute,17,0.4917,0.2525,5
MAR_bmi,MAR,0.1,0.0833,fold_impute,18,0.4952,0.2518,5
MAR_bmi,MAR,0.1,0.0873,fold_impute,19,0.507,0.251,5
MAR_bmi,MAR,0.1,0.0862,fold_impute,20,0.524,0.2509,5
MAR_bmi,MAR,0.1,0.0855,global_impute,1,0.5027,0.2517,5
MAR_bmi,MAR,0.1,0.0815,global_impute,2,0.4953,0.2526,5
MAR_bmi,MAR,0.1,0.0895,global_impute,3,0.5021,0.2509,5
MAR_bmi,MAR,0.1,0.0847,global_impute,4,0.5199,0.2505,5
MAR_bmi,MAR,0.1,0.0863,global_impute,5,0.4822,0.2518,5
MAR_bmi,MAR,0.1,0.0828,global_impute,6,0.5005,0.2521,5
MAR_bmi,MAR,0.1,0.0835,global_impute,7,0.4914,0.2536,5
MAR_bmi,MAR,0.1,0.0735,global_impute,8,0.5018,0.2508,5
MAR_bmi,MAR,0.1,0.077,global_impute,9,0.4974,0.2525,5
MAR_bmi,MAR,0.1,0.0765,global_impute,10,0.5271,0.2504,5
MAR_bmi,MAR,0.1,0.0872,global_impute,11,0.5213,0.2522,5
MAR_bmi,MAR,0.1,0.0868,global_impute,12,0.5059,0.2519,5
MAR_bmi,MAR,0.1,0.0813,global_impute,13,0.5064,0.2518,5
MAR_bmi,MAR,0.1,0.0832,global_impute,14,0.5408,0.2492,5
MAR_bmi,MAR,0.1,0.0803,global_impute,15,0.5455,0.2488,5
MAR_bmi,MAR,0.1,0.084,global_impute,16,0.5247,0.2501,5
MAR_bmi,MAR,0.1,0.0812,global_impute,17,0.4909,0.2524,5
MAR_bmi,MAR,0.1,0.0833,global_impute,18,0.4952,0.2518,5
MAR_bmi,MAR,0.1,0.0873,global_impute,19,0.5064,0.251,5
MAR_bmi,MAR,0.1,0.0862,global_impute,20,0.5244,0.2509,5
MAR_tg0h,MAR,0.1,0.1038,fold_impute,1,0.4865,0.2526,5
MAR_tg0h,MAR,0.1,0.1012,fold_impute,2,0.4999,0.2518,5
MAR_tg0h,MAR,0.1,0.112,fold_impute,3,0.5121,0.2507,5
MAR_tg0h,MAR,0.1,0.102,fold_impute,4,0.5193,0.2504,5
MAR_tg0h,MAR,0.1,0.1058,fold_impute,5,0.482,0.2521,5
MAR_tg0h,MAR,0.1,0.0985,fold_impute,6,0.5089,0.2513,5
MAR_tg0h,MAR,0.1,0.1042,fold_impute,7,0.5011,0.2524,5
MAR_tg0h,MAR,0.1,0.0928,fold_impute,8,0.5045,0.2507,5
MAR_tg0h,MAR,0.1,0.0992,fold_impute,9,0.5059,0.2516,5
MAR_tg0h,MAR,0.1,0.0922,fold_impute,10,0.5248,0.2506,5
MAR_tg0h,MAR,0.1,0.1022,fold_impute,11,0.5232,0.2517,5
MAR_tg0h,MAR,0.1,0.1032,fold_impute,12,0.5154,0.2514,5
MAR_tg0h,MAR,0.1,0.1002,fold_impute,13,0.5049,0.2521,5
MAR_tg0h,MAR,0.1,0.1002,fold_impute,14,0.5317,0.2498,5
MAR_tg0h,MAR,0.1,0.1022,fold_impute,15,0.5413,0.2493,5
MAR_tg0h,MAR,0.1,0.0965,fold_impute,16,0.5236,0.2498,5
MAR_tg0h,MAR,0.1,0.0947,fold_impute,17,0.5306,0.2498,5
MAR_tg0h,MAR,0.1,0.0967,fold_impute,18,0.4945,0.2517,5
MAR_tg0h,MAR,0.1,0.1045,fold_impute,19,0.529,0.2497,5
MAR_tg0h,MAR,0.1,0.1067,fold_impute,20,0.5262,0.2509,5
MAR_tg0h,MAR,0.1,0.1038,global_impute,1,0.487,0.2527,5
MAR_tg0h,MAR,0.1,0.1012,global_impute,2,0.4992,0.2519,5
MAR_tg0h,MAR,0.1,0.112,global_impute,3,0.5114,0.2508,5
MAR_tg0h,MAR,0.1,0.102,global_impute,4,0.5197,0.2504,5
MAR_tg0h,MAR,0.1,0.1058,global_impute,5,0.4816,0.2521,5
MAR_tg0h,MAR,0.1,0.0985,global_impute,6,0.5098,0.2513,5
MAR_tg0h,MAR,0.1,0.1042,global_impute,7,0.5009,0.2524,5
MAR_tg0h,MAR,0.1,0.0928,global_impute,8,0.5043,0.2507,5
MAR_tg0h,MAR,0.1,0.0992,global_impute,9,0.5054,0.2516,5
MAR_tg0h,MAR,0.1,0.0922,global_impute,10,0.5255,0.2506,5
MAR_tg0h,MAR,0.1,0.1022,global_impute,11,0.5226,0.2518,5
MAR_tg0h,MAR,0.1,0.1032,global_impute,12,0.515,0.2515,5
MAR_tg0h,MAR,0.1,0.1002,global_impute,13,0.504,0.2522,5
MAR_tg0h,MAR,0.1,0.1002,global_impute,14,0.5321,0.2498,5
MAR_tg0h,MAR,0.1,0.1022,global_impute,15,0.541,0.2493,5
MAR_tg0h,MAR,0.1,0.0965,global_impute,16,0.5239,0.2498,5
MAR_tg0h,MAR,0.1,0.0947,global_impute,17,0.5293,0.25,5
MAR_tg0h,MAR,0.1,0.0967,global_impute,18,0.4943,0.2517,5
MAR_tg0h,MAR,0.1,0.1045,global_impute,19,0.529,0.2497,5
MAR_tg0h,MAR,0.1,0.1067,global_impute,20,0.5262,0.2508,5
