scenario,n,seed,clean_AUROC,clean_Brier,in_null_range,leaky_AUROC,leaky_Brier,auc_inflation
null,300,1,0.48017,0.26126,1,,,
null,300,2,0.53007,0.25299,1,,,
null,300,3,0.51252,0.2547,1,,,
null,300,4,0.5211,0.25625,1,,,
null,300,5,0.63052,0.23682,0,,,
null,300,6,0.58607,0.24593,0,,,
null,300,7,0.47729,0.25768,1,,,
null,300,8,0.55665,0.25337,0,,,
null,300,9,0.48563,0.25558,1,,,
null,300,10,0.47532,0.26615,1,,,
null,300,11,0.52778,0.25614,1,,,
null,300,12,0.50815,0.25794,1,,,
null,300,13,0.46442,0.26949,1,,,
null,300,14,0.50486,0.25523,1,,,
null,300,15,0.66001,0.22527,0,,,
null,300,16,0.552,0.25036,0,,,
null,300,17,0.39202,0.26628,0,,,
null,300,18,0.51756,0.25238,1,,,
null,300,19,0.51295,0.26197,1,,,
null,300,20,0.55504,0.25042,0,,,
null,300,21,0.56547,0.25246,0,,,
null,300,22,0.53455,0.25581,1,,,
null,300,23,0.49334,0.26775,1,,,
null,300,24,0.58044,0.24537,0,,,
null,300,25,0.4803,0.26478,1,,,
null,300,26,0.59987,0.24766,0,,,
null,300,27,0.48554,0.25894,1,,,
null,300,28,0.53519,0.25652,1,,,
null,300,29,0.46366,0.25943,1,,,
null,300,30,0.45946,0.26717,1,,,
weak_signal,300,1,0.49959,0.26133,1,,,
weak_signal,300,2,0.4768,0.26815,1,,,
weak_signal,300,3,0.57228,0.24932,0,,,
weak_signal,300,4,0.48058,0.26047,1,,,
weak_signal,300,5,0.56321,0.25551,0,,,
weak_signal,300,6,0.59724,0.24546,0,,,
weak_signal,300,7,0.55437,0.25435,0,,,
weak_signal,300,8,0.55849,0.24423,0,,,
weak_signal,300,9,0.41795,0.26946,0,,,
weak_signal,300,10,0.45748,0.26532,1,,,
weak_signal,300,11,0.5363,0.25019,1,,,
weak_signal,300,12,0.57733,0.25087,0,,,
weak_signal,300,13,0.54548,0.25233,1,,,
weak_signal,300,14,0.41087,0.26948,0,,,
weak_signal,300,15,0.56067,0.24425,0,,,
weak_signal,300,16,0.49274,0.26075,1,,,
weak_signal,300,17,0.58947,0.24189,0,,,
weak_signal,300,18,0.5296,0.2534,1,,,
weak_signal,300,19,0.54773,0.25308,1,,,
weak_signal,300,20,0.52965,0.25314,1,,,
weak_signal,300,21,0.55385,0.25582,0,,,
weak_signal,300,22,0.58963,0.24929,0,,,
weak_signal,300,23,0.57378,0.2481,0,,,
weak_signal,300,24,0.57825,0.24954,0,,,
weak_signal,300,25,0.43407,0.26526,0,,,
weak_signal,300,26,0.38727,0.27894,0,,,
weak_signal,300,27,0.60015,0.24247,0,,,
weak_signal,300,28,0.6403,0.23475,0,,,
weak_signal,300,29,0.54494,0.25262,1,,,
weak_signal,300,30,0.51635,0.25897,1,,,
moderate_signal,300,1,0.60119,0.24993,0,,,
moderate_signal,300,2,0.6083,0.23924,0,,,
moderate_signal,300,3,0.67324,0.22455,0,,,
moderate_signal,300,4,0.61839,0.24244,0,,,
moderate_signal,300,5,0.65837,0.23216,0,,,
moderate_signal,300,6,0.65792,0.23208,0,,,
moderate_signal,300,7,0.63175,0.22833,0,,,
moderate_signal,300,8,0.68439,0.22838,0,,,
moderate_signal,300,9,0.54607,0.25359,1,,,
moderate_signal,300,10,0.60622,0.24156,0,,,
moderate_signal,300,11,0.66074,0.22774,0,,,
moderate_signal,300,12,0.64902,0.23481,0,,,
moderate_signal,300,13,0.59692,0.24832,0,,,
moderate_signal,300,14,0.5043,0.26047,1,,,
moderate_signal,300,15,0.54617,0.25475,1,,,
moderate_signal,300,16,0.59378,0.24248,0,,,
moderate_signal,300,17,0.62483,0.23528,0,,,
moderate_signal,300,18,0.55094,0.25148,0,,,
moderate_signal,300,19,0.64381,0.23847,0,,,
moderate_signal,300,20,0.65786,0.23044,0,,,
moderate_signal,300,21,0.6759,0.22915,0,,,
moderate_signal,300,22,0.66281,0.22622,0,,,
moderate_signal,300,23,0.56949,0.25349,0,,,
moderate_signal,300,24,0.65082,0.23506,0,,,
moderate_signal,300,25,0.57995,0.24827,0,,,
moderate_signal,300,26,0.59585,0.24564,0,,,
moderate_signal,300,27,0.72092,0.21371,0,,,
moderate_signal,300,28,0.63309,0.23433,0,,,
moderate_signal,300,29,0.68948,0.2239,0,,,
moderate_signal,300,30,0.56659,0.25246,0,,,
wbv_positive,300,1,0.7938,0.18196,0,,,
wbv_positive,300,2,0.77719,0.19614,0,,,
wbv_positive,300,3,0.83529,0.16604,0,,,
wbv_positive,300,4,0.82193,0.17464,0,,,
wbv_positive,300,5,0.78904,0.18677,0,,,
wbv_positive,300,6,0.78539,0.19326,0,,,
wbv_positive,300,7,0.78993,0.17886,0,,,
wbv_positive,300,8,0.83379,0.1611,0,,,
wbv_positive,300,9,0.79378,0.18991,0,,,
wbv_positive,300,10,0.81246,0.177,0,,,
wbv_positive,300,11,0.85416,0.15306,0,,,
wbv_positive,300,12,0.79104,0.17517,0,,,
wbv_positive,300,13,0.78548,0.1865,0,,,
wbv_positive,300,14,0.8157,0.17238,0,,,
wbv_positive,300,15,0.84622,0.16681,0,,,
wbv_positive,300,16,0.82016,0.17408,0,,,
wbv_positive,300,17,0.77673,0.1926,0,,,
wbv_positive,300,18,0.8144,0.17027,0,,,
wbv_positive,300,19,0.81401,0.17564,0,,,
wbv_positive,300,20,0.81479,0.17316,0,,,
wbv_positive,300,21,0.81197,0.17267,0,,,
wbv_positive,300,22,0.82314,0.16554,0,,,
wbv_positive,300,23,0.78071,0.19113,0,,,
wbv_positive,300,24,0.85889,0.14989,0,,,
wbv_positive,300,25,0.77309,0.19096,0,,,
wbv_positive,300,26,0.81156,0.18389,0,,,
wbv_positive,300,27,0.79602,0.1813,0,,,
wbv_positive,300,28,0.81479,0.16872,0,,,
wbv_positive,300,29,0.84717,0.1664,0,,,
wbv_positive,300,30,0.81816,0.16614,0,,,
null,500,1,0.42151,0.26024,0,,,
null,500,2,0.5457,0.25104,1,,,
null,500,3,0.44654,0.26065,0,,,
null,500,4,0.44936,0.26006,0,,,
null,500,5,0.4898,0.25393,1,,,
null,500,6,0.50944,0.25223,1,,,
null,500,7,0.47437,0.25833,1,,,
null,500,8,0.54624,0.24783,1,,,
null,500,9,0.45003,0.25742,1,,,
null,500,10,0.48068,0.25375,1,,,
null,500,11,0.52288,0.25177,1,,,
null,500,12,0.52412,0.25462,1,,,
null,500,13,0.53715,0.24888,1,,,
null,500,14,0.54544,0.2534,1,,,
null,500,15,0.51936,0.25286,1,,,
null,500,16,0.44429,0.25692,0,,,
null,500,17,0.47093,0.25473,1,,,
null,500,18,0.49857,0.25435,1,,,
null,500,19,0.46094,0.25759,1,,,
null,500,20,0.45135,0.25392,1,,,
null,500,21,0.53545,0.255,1,,,
null,500,22,0.45931,0.25876,1,,,
null,500,23,0.55797,0.25079,0,,,
null,500,24,0.52626,0.25093,1,,,
null,500,25,0.4868,0.25529,1,,,
null,500,26,0.48897,0.25692,1,,,
null,500,27,0.60281,0.2457,0,,,
null,500,28,0.45414,0.25541,1,,,
null,500,29,0.55217,0.24876,0,,,
null,500,30,0.47483,0.25591,1,,,
weak_signal,500,1,0.55024,0.24894,0,,,
weak_signal,500,2,0.62899,0.23412,0,,,
weak_signal,500,3,0.6063,0.24387,0,,,
weak_signal,500,4,0.59133,0.24427,0,,,
weak_signal,500,5,0.64228,0.23428,0,,,
weak_signal,500,6,0.57504,0.2456,0,,,
weak_signal,500,7,0.57821,0.24369,0,,,
weak_signal,500,8,0.55083,0.24829,0,,,
weak_signal,500,9,0.58263,0.24357,0,,,
weak_signal,500,10,0.65283,0.23453,0,,,
weak_signal,500,11,0.6102,0.23973,0,,,
weak_signal,500,12,0.65075,0.23233,0,,,
weak_signal,500,13,0.56078,0.24705,0,,,
weak_signal,500,14,0.50757,0.25645,1,,,
weak_signal,500,15,0.49062,0.25616,1,,,
weak_signal,500,16,0.56961,0.24827,0,,,
weak_signal,500,17,0.53815,0.25096,1,,,
weak_signal,500,18,0.57476,0.24657,0,,,
weak_signal,500,19,0.57259,0.24789,0,,,
weak_signal,500,20,0.61728,0.23772,0,,,
weak_signal,500,21,0.5136,0.25357,1,,,
weak_signal,500,22,0.59948,0.23968,0,,,
weak_signal,500,23,0.52078,0.2515,1,,,
weak_signal,500,24,0.56235,0.24747,0,,,
weak_signal,500,25,0.54015,0.25166,1,,,
weak_signal,500,26,0.59323,0.24353,0,,,
weak_signal,500,27,0.56853,0.24779,0,,,
weak_signal,500,28,0.54848,0.24798,1,,,
weak_signal,500,29,0.60143,0.24276,0,,,
weak_signal,500,30,0.52007,0.2526,1,,,
moderate_signal,500,1,0.68789,0.22404,0,,,
moderate_signal,500,2,0.666,0.22361,0,,,
moderate_signal,500,3,0.69711,0.21922,0,,,
moderate_signal,500,4,0.60086,0.24332,0,,,
moderate_signal,500,5,0.68344,0.2201,0,,,
moderate_signal,500,6,0.66917,0.22611,0,,,
moderate_signal,500,7,0.6853,0.22103,0,,,
moderate_signal,500,8,0.67898,0.22548,0,,,
moderate_signal,500,9,0.69188,0.21779,0,,,
moderate_signal,500,10,0.67052,0.22826,0,,,
moderate_signal,500,11,0.70208,0.21728,0,,,
moderate_signal,500,12,0.66507,0.23191,0,,,
moderate_signal,500,13,0.67194,0.22347,0,,,
moderate_signal,500,14,0.62532,0.23672,0,,,
moderate_signal,500,15,0.61536,0.2357,0,,,
moderate_signal,500,16,0.63088,0.23508,0,,,
moderate_signal,500,17,0.61797,0.23968,0,,,
moderate_signal,500,18,0.66229,0.23068,0,,,
moderate_signal,500,19,0.64527,0.2324,0,,,
moderate_signal,500,20,0.67994,0.22279,0,,,
moderate_signal,500,21,0.63924,0.23188,0,,,
moderate_signal,500,22,0.65332,0.22904,0,,,
moderate_signal,500,23,0.65071,0.23125,0,,,
moderate_signal,500,24,0.68165,0.22443,0,,,
moderate_signal,500,25,0.60504,0.24141,0,,,
moderate_signal,500,26,0.68641,0.22146,0,,,
moderate_signal,500,27,0.68016,0.2256,0,,,
moderate_signal,500,28,0.64998,0.23343,0,,,
moderate_signal,500,29,0.68568,0.22394,0,,,
moderate_signal,500,30,0.61175,0.24018,0,,,
wbv_positive,500,1,0.82219,0.17325,0,,,
wbv_positive,500,2,0.84608,0.15533,0,,,
wbv_positive,500,3,0.84618,0.16011,0,,,
wbv_positive,500,4,0.85184,0.15753,0,,,
wbv_positive,500,5,0.8489,0.1572,0,,,
wbv_positive,500,6,0.83861,0.16335,0,,,
wbv_positive,500,7,0.81345,0.17097,0,,,
wbv_positive,500,8,0.81131,0.176,0,,,
wbv_positive,500,9,0.80415,0.17886,0,,,
wbv_positive,500,10,0.81902,0.17504,0,,,
wbv_positive,500,11,0.82156,0.17127,0,,,
wbv_positive,500,12,0.8784,0.1412,0,,,
wbv_positive,500,13,0.81141,0.17762,0,,,
wbv_positive,500,14,0.83904,0.1655,0,,,
wbv_positive,500,15,0.83719,0.16053,0,,,
wbv_positive,500,16,0.77565,0.19292,0,,,
wbv_positive,500,17,0.85271,0.15747,0,,,
wbv_positive,500,18,0.85175,0.15635,0,,,
wbv_positive,500,19,0.82489,0.16649,0,,,
wbv_positive,500,20,0.84693,0.16153,0,,,
wbv_positive,500,21,0.85088,0.15561,0,,,
wbv_positive,500,22,0.86496,0.14821,0,,,
wbv_positive,500,23,0.81522,0.17776,0,,,
wbv_positive,500,24,0.82281,0.17379,0,,,
wbv_positive,500,25,0.82593,0.17294,0,,,
wbv_positive,500,26,0.80468,0.17535,0,,,
wbv_positive,500,27,0.82281,0.1708,0,,,
wbv_positive,500,28,0.82923,0.16953,0,,,
wbv_positive,500,29,0.82385,0.17209,0,,,
wbv_positive,500,30,0.79798,0.18574,0,,,
null,750,1,0.52743,0.25214,1,,,
null,750,2,0.52137,0.25175,1,,,
null,750,3,0.53714,0.24911,1,,,
null,750,4,0.46593,0.25573,1,,,
null,750,5,0.51549,0.25232,1,,,
null,750,6,0.53867,0.24914,1,,,
null,750,7,0.53985,0.24834,1,,,
null,750,8,0.496,0.2521,1,,,
null,750,9,0.51481,0.25069,1,,,
null,750,10,0.47457,0.25283,1,,,
null,750,11,0.48459,0.25331,1,,,
null,750,12,0.50489,0.25431,1,,,
null,750,13,0.50665,0.25491,1,,,
null,750,14,0.4731,0.25369,1,,,
null,750,15,0.48777,0.2528,1,,,
null,750,16,0.47937,0.25258,1,,,
null,750,17,0.53383,0.2506,1,,,
null,750,18,0.48471,0.25496,1,,,
null,750,19,0.54054,0.25089,1,,,
null,750,20,0.51959,0.25176,1,,,
null,750,21,0.45497,0.25873,1,,,
null,750,22,0.51641,0.25277,1,,,
null,750,23,0.5012,0.25606,1,,,
null,750,24,0.51277,0.25073,1,,,
null,750,25,0.52144,0.25134,1,,,
null,750,26,0.49355,0.25388,1,,,
null,750,27,0.53865,0.24972,1,,,
null,750,28,0.47364,0.25294,1,,,
null,750,29,0.51169,0.25091,1,,,
null,750,30,0.47755,0.255,1,,,
weak_signal,750,1,0.58421,0.24425,0,,,
weak_signal,750,2,0.55899,0.24714,0,,,
weak_signal,750,3,0.58232,0.24449,0,,,
weak_signal,750,4,0.59509,0.24469,0,,,
weak_signal,750,5,0.58076,0.24519,0,,,
weak_signal,750,6,0.59085,0.24216,0,,,
weak_signal,750,7,0.58022,0.24464,0,,,
weak_signal,750,8,0.52011,0.25227,1,,,
weak_signal,750,9,0.60415,0.24307,0,,,
weak_signal,750,10,0.61051,0.24021,0,,,
weak_signal,750,11,0.56528,0.24753,0,,,
weak_signal,750,12,0.59582,0.24386,0,,,
weak_signal,750,13,0.55164,0.2471,0,,,
weak_signal,750,14,0.5996,0.24246,0,,,
weak_signal,750,15,0.55684,0.2501,0,,,
weak_signal,750,16,0.59431,0.24294,0,,,
weak_signal,750,17,0.55514,0.247,0,,,
weak_signal,750,18,0.531,0.25195,1,,,
weak_signal,750,19,0.57136,0.24727,0,,,
weak_signal,750,20,0.58617,0.24617,0,,,
weak_signal,750,21,0.53522,0.25007,1,,,
weak_signal,750,22,0.52231,0.25131,1,,,
weak_signal,750,23,0.55698,0.24914,0,,,
weak_signal,750,24,0.60519,0.24262,0,,,
weak_signal,750,25,0.55426,0.25044,0,,,
weak_signal,750,26,0.59271,0.24485,0,,,
weak_signal,750,27,0.61205,0.23978,0,,,
weak_signal,750,28,0.61574,0.23924,0,,,
weak_signal,750,29,0.55552,0.24868,0,,,
weak_signal,750,30,0.60213,0.24243,0,,,
moderate_signal,750,1,0.6521,0.23004,0,,,
moderate_signal,750,2,0.70159,0.21876,0,,,
moderate_signal,750,3,0.65726,0.22959,0,,,
moderate_signal,750,4,0.64866,0.2316,0,,,
moderate_signal,750,5,0.69578,0.21961,0,,,
moderate_signal,750,6,0.6888,0.22345,0,,,
moderate_signal,750,7,0.68366,0.22484,0,,,
moderate_signal,750,8,0.6783,0.22405,0,,,
moderate_signal,750,9,0.6821,0.22224,0,,,
moderate_signal,750,10,0.61511,0.23763,0,,,
moderate_signal,750,11,0.6716,0.22913,0,,,
moderate_signal,750,12,0.66556,0.22673,0,,,
moderate_signal,750,13,0.62308,0.2383,0,,,
moderate_signal,750,14,0.68324,0.22469,0,,,
moderate_signal,750,15,0.61361,0.24071,0,,,
moderate_signal,750,16,0.6921,0.2231,0,,,
moderate_signal,750,17,0.73965,0.20497,0,,,
moderate_signal,750,18,0.66067,0.22815,0,,,
moderate_signal,750,19,0.64453,0.23301,0,,,
moderate_signal,750,20,0.68927,0.22377,0,,,
moderate_signal,750,21,0.65094,0.23424,0,,,
moderate_signal,750,22,0.60919,0.23978,0,,,
moderate_signal,750,23,0.66989,0.22677,0,,,
moderate_signal,750,24,0.69627,0.2185,0,,,
moderate_signal,750,25,0.6849,0.22208,0,,,
moderate_signal,750,26,0.6654,0.22878,0,,,
moderate_signal,750,27,0.6837,0.22308,0,,,
moderate_signal,750,28,0.71809,0.2146,0,,,
moderate_signal,750,29,0.66176,0.22991,0,,,
moderate_signal,750,30,0.66187,0.22892,0,,,
wbv_positive,750,1,0.82658,0.16824,0,,,
wbv_positive,750,2,0.81787,0.17462,0,,,
wbv_positive,750,3,0.86205,0.15556,0,,,
wbv_positive,750,4,0.84119,0.16229,0,,,
wbv_positive,750,5,0.83223,0.16712,0,,,
wbv_positive,750,6,0.84167,0.16264,0,,,
wbv_positive,750,7,0.83176,0.16669,0,,,
wbv_positive,750,8,0.84615,0.15891,0,,,
wbv_positive,750,9,0.83697,0.16518,0,,,
wbv_positive,750,10,0.82407,0.17369,0,,,
wbv_positive,750,11,0.87099,0.14942,0,,,
wbv_positive,750,12,0.82605,0.16997,0,,,
wbv_positive,750,13,0.81177,0.17799,0,,,
wbv_positive,750,14,0.81578,0.17393,0,,,
wbv_positive,750,15,0.81547,0.17409,0,,,
wbv_positive,750,16,0.83439,0.16819,0,,,
wbv_positive,750,17,0.82682,0.17337,0,,,
wbv_positive,750,18,0.83827,0.16152,0,,,
wbv_positive,750,19,0.85201,0.15842,0,,,
wbv_positive,750,20,0.82657,0.17028,0,,,
wbv_positive,750,21,0.82657,0.17034,0,,,
wbv_positive,750,22,0.82199,0.17149,0,,,
wbv_positive,750,23,0.83516,0.1665,0,,,
wbv_positive,750,24,0.81214,0.17709,0,,,
wbv_positive,750,25,0.8359,0.16753,0,,,
wbv_positive,750,26,0.81193,0.17317,0,,,
wbv_positive,750,27,0.81281,0.17476,0,,,
wbv_positive,750,28,0.87971,0.14395,0,,,
wbv_positive,750,29,0.83723,0.16431,0,,,
wbv_positive,750,30,0.8506,0.15619,0,,,
null,1500,1,0.51182,0.25093,1,,,
null,1500,2,0.47909,0.25252,1,,,
null,1500,3,0.52068,0.2512,1,,,
null,1500,4,0.49619,0.25129,1,,,
null,1500,5,0.48393,0.25181,1,,,
null,1500,6,0.50233,0.25163,1,,,
null,1500,7,0.48141,0.25339,1,,,
null,1500,8,0.49961,0.25126,1,,,
null,1500,9,0.4909,0.25293,1,,,
null,1500,10,0.52336,0.25012,1,,,
null,1500,11,0.52726,0.25147,1,,,
null,1500,12,0.53021,0.2493,1,,,
null,1500,13,0.50776,0.25158,1,,,
null,1500,14,0.52891,0.24938,1,,,
null,1500,15,0.53964,0.24883,1,,,
null,1500,16,0.51576,0.2513,1,,,
null,1500,17,0.50366,0.25161,1,,,
null,1500,18,0.4999,0.25116,1,,,
null,1500,19,0.48223,0.2517,1,,,
null,1500,20,0.51652,0.25136,1,,,
null,1500,21,0.46348,0.2531,1,,,
null,1500,22,0.51252,0.25073,1,,,
null,1500,23,0.43722,0.2538,0,,,
null,1500,24,0.50935,0.25128,1,,,
null,1500,25,0.53006,0.25045,1,,,
null,1500,26,0.52042,0.25034,1,,,
null,1500,27,0.53858,0.24891,1,,,
null,1500,28,0.504,0.25101,1,,,
null,1500,29,0.488,0.25224,1,,,
null,1500,30,0.43642,0.25636,0,,,
weak_signal,1500,1,0.60605,0.24108,0,,,
weak_signal,1500,2,0.58705,0.24332,0,,,
weak_signal,1500,3,0.59235,0.24368,0,,,
weak_signal,1500,4,0.55049,0.248,0,,,
weak_signal,1500,5,0.52661,0.25198,1,,,
weak_signal,1500,6,0.59191,0.24423,0,,,
weak_signal,1500,7,0.55906,0.24749,0,,,
weak_signal,1500,8,0.5992,0.24159,0,,,
weak_signal,1500,9,0.59636,0.244,0,,,
weak_signal,1500,10,0.55079,0.24748,0,,,
weak_signal,1500,11,0.58688,0.24318,0,,,
weak_signal,1500,12,0.5704,0.24545,0,,,
weak_signal,1500,13,0.55968,0.24837,0,,,
weak_signal,1500,14,0.5825,0.24452,0,,,
weak_signal,1500,15,0.57039,0.24687,0,,,
weak_signal,1500,16,0.55994,0.24724,0,,,
weak_signal,1500,17,0.53486,0.24937,1,,,
weak_signal,1500,18,0.53939,0.24872,1,,,
weak_signal,1500,19,0.60183,0.24315,0,,,
weak_signal,1500,20,0.62625,0.23836,0,,,
weak_signal,1500,21,0.57105,0.24688,0,,,
weak_signal,1500,22,0.61065,0.23954,0,,,
weak_signal,1500,23,0.59549,0.24408,0,,,
weak_signal,1500,24,0.60198,0.24146,0,,,
weak_signal,1500,25,0.58366,0.24451,0,,,
weak_signal,1500,26,0.56902,0.24645,0,,,
weak_signal,1500,27,0.61647,0.23917,0,,,
weak_signal,1500,28,0.61652,0.23898,0,,,
weak_signal,1500,29,0.57397,0.24392,0,,,
weak_signal,1500,30,0.56952,0.24641,0,,,
moderate_signal,1500,1,0.70007,0.21799,0,,,
moderate_signal,1500,2,0.67764,0.22535,0,,,
moderate_signal,1500,3,0.69827,0.21847,0,,,
moderate_signal,1500,4,0.66726,0.22585,0,,,
moderate_signal,1500,5,0.64764,0.23316,0,,,
moderate_signal,1500,6,0.68115,0.22288,0,,,
moderate_signal,1500,7,0.65253,0.23165,0,,,
moderate_signal,1500,8,0.7058,0.21731,0,,,
moderate_signal,1500,9,0.69023,0.22256,0,,,
moderate_signal,1500,10,0.66808,0.22602,0,,,
moderate_signal,1500,11,0.68118,0.22292,0,,,
moderate_signal,1500,12,0.6865,0.22275,0,,,
moderate_signal,1500,13,0.68098,0.22301,0,,,
moderate_signal,1500,14,0.68154,0.22271,0,,,
moderate_signal,1500,15,0.67692,0.22545,0,,,
moderate_signal,1500,16,0.66803,0.22834,0,,,
moderate_signal,1500,17,0.67444,0.22506,0,,,
moderate_signal,1500,18,0.67681,0.22447,0,,,
moderate_signal,1500,19,0.68795,0.22272,0,,,
moderate_signal,1500,20,0.66837,0.22734,0,,,
moderate_signal,1500,21,0.62654,0.23662,0,,,
moderate_signal,1500,22,0.67693,0.22608,0,,,
moderate_signal,1500,23,0.67679,0.22571,0,,,
moderate_signal,1500,24,0.65756,0.23039,0,,,
moderate_signal,1500,25,0.67688,0.22649,0,,,
moderate_signal,1500,26,0.66571,0.22799,0,,,
moderate_signal,1500,27,0.70081,0.21919,0,,,
moderate_signal,1500,28,0.70557,0.21659,0,,,
moderate_signal,1500,29,0.66989,0.22543,0,,,
moderate_signal,1500,30,0.67724,0.22519,0,,,
wbv_positive,1500,1,0.84505,0.16222,0,,,
wbv_positive,1500,2,0.82453,0.1698,0,,,
wbv_positive,1500,3,0.83681,0.16521,0,,,
wbv_positive,1500,4,0.8224,0.17137,0,,,
wbv_positive,1500,5,0.81458,0.17674,0,,,
wbv_positive,1500,6,0.82564,0.17196,0,,,
wbv_positive,1500,7,0.85925,0.15336,0,,,
wbv_positive,1500,8,0.83349,0.16738,0,,,
wbv_positive,1500,9,0.83469,0.16692,0,,,
wbv_positive,1500,10,0.82232,0.17233,0,,,
wbv_positive,1500,11,0.83209,0.16719,0,,,
wbv_positive,1500,12,0.8379,0.16605,0,,,
wbv_positive,1500,13,0.8274,0.16987,0,,,
wbv_positive,1500,14,0.83661,0.16388,0,,,
wbv_positive,1500,15,0.83404,0.16705,0,,,
wbv_positive,1500,16,0.82639,0.17045,0,,,
wbv_positive,1500,17,0.84357,0.16058,0,,,
wbv_positive,1500,18,0.81963,0.17363,0,,,
wbv_positive,1500,19,0.8307,0.16767,0,,,
wbv_positive,1500,20,0.81444,0.17691,0,,,
wbv_positive,1500,21,0.8352,0.16702,0,,,
wbv_positive,1500,22,0.84796,0.15948,0,,,
wbv_positive,1500,23,0.80899,0.1784,0,,,
wbv_positive,1500,24,0.82041,0.17179,0,,,
wbv_positive,1500,25,0.82403,0.1723,0,,,
wbv_positive,1500,26,0.82672,0.17028,0,,,
wbv_positive,1500,27,0.84931,0.15801,0,,,
wbv_positive,1500,28,0.85154,0.15811,0,,,
wbv_positive,1500,29,0.84694,0.15935,0,,,
wbv_positive,1500,30,0.84996,0.15607,0,,,
null,3000,1,0.51206,0.25025,1,,,
null,3000,2,0.49045,0.25114,1,,,
null,3000,3,0.47022,0.25167,1,,,
null,3000,4,0.50887,0.25083,1,,,
null,3000,5,0.48809,0.25139,1,,,
null,3000,6,0.49381,0.25127,1,,,
null,3000,7,0.4909,0.2512,1,,,
null,3000,8,0.51072,0.25068,1,,,
null,3000,9,0.50744,0.2505,1,,,
null,3000,10,0.53281,0.24934,1,,,
null,3000,11,0.50313,0.25054,1,,,
null,3000,12,0.4963,0.25101,1,,,
null,3000,13,0.52283,0.25003,1,,,
null,3000,14,0.48589,0.2507,1,,,
null,3000,15,0.48157,0.25103,1,,,
null,3000,16,0.4986,0.25122,1,,,
null,3000,17,0.51954,0.24996,1,,,
null,3000,18,0.51291,0.24976,1,,,
null,3000,19,0.51272,0.25088,1,,,
null,3000,20,0.51125,0.25091,1,,,
null,3000,21,0.50457,0.24994,1,,,
null,3000,22,0.52462,0.24952,1,,,
null,3000,23,0.48844,0.25125,1,,,
null,3000,24,0.49976,0.25077,1,,,
null,3000,25,0.50425,0.25043,1,,,
null,3000,26,0.48148,0.251,1,,,
null,3000,27,0.4957,0.25071,1,,,
null,3000,28,0.50533,0.25019,1,,,
null,3000,29,0.48429,0.25182,1,,,
null,3000,30,0.49476,0.25124,1,,,
weak_signal,3000,1,0.55398,0.24803,0,,,
weak_signal,3000,2,0.59006,0.24275,0,,,
weak_signal,3000,3,0.5981,0.24213,0,,,
weak_signal,3000,4,0.60025,0.24157,0,,,
weak_signal,3000,5,0.60142,0.24144,0,,,
weak_signal,3000,6,0.61118,0.24041,0,,,
weak_signal,3000,7,0.5949,0.24267,0,,,
weak_signal,3000,8,0.58272,0.24434,0,,,
weak_signal,3000,9,0.57611,0.24492,0,,,
weak_signal,3000,10,0.60016,0.24136,0,,,
weak_signal,3000,11,0.56142,0.24738,0,,,
weak_signal,3000,12,0.59821,0.24278,0,,,
weak_signal,3000,13,0.5879,0.24371,0,,,
weak_signal,3000,14,0.59054,0.24306,0,,,
weak_signal,3000,15,0.59994,0.24173,0,,,
weak_signal,3000,16,0.5916,0.24421,0,,,
weak_signal,3000,17,0.57822,0.24467,0,,,
weak_signal,3000,18,0.595,0.24257,0,,,
weak_signal,3000,19,0.59207,0.24332,0,,,
weak_signal,3000,20,0.59308,0.24303,0,,,
weak_signal,3000,21,0.5862,0.24368,0,,,
weak_signal,3000,22,0.62087,0.23888,0,,,
weak_signal,3000,23,0.57574,0.24461,0,,,
weak_signal,3000,24,0.60797,0.24095,0,,,
weak_signal,3000,25,0.57767,0.24562,0,,,
weak_signal,3000,26,0.59031,0.24352,0,,,
weak_signal,3000,27,0.58369,0.24473,0,,,
weak_signal,3000,28,0.60333,0.24162,0,,,
weak_signal,3000,29,0.59873,0.2424,0,,,
weak_signal,3000,30,0.60692,0.24069,0,,,
moderate_signal,3000,1,0.67265,0.22576,0,,,
moderate_signal,3000,2,0.67695,0.22426,0,,,
moderate_signal,3000,3,0.67636,0.22404,0,,,
moderate_signal,3000,4,0.70404,0.21736,0,,,
moderate_signal,3000,5,0.67252,0.22532,0,,,
moderate_signal,3000,6,0.68746,0.22266,0,,,
moderate_signal,3000,7,0.66878,0.22568,0,,,
moderate_signal,3000,8,0.65099,0.2318,0,,,
moderate_signal,3000,9,0.67074,0.22566,0,,,
moderate_signal,3000,10,0.69187,0.22101,0,,,
moderate_signal,3000,11,0.67239,0.22613,0,,,
moderate_signal,3000,12,0.67063,0.22586,0,,,
moderate_signal,3000,13,0.68905,0.22281,0,,,
moderate_signal,3000,14,0.69351,0.21915,0,,,
moderate_signal,3000,15,0.66837,0.22712,0,,,
moderate_signal,3000,16,0.68138,0.22507,0,,,
moderate_signal,3000,17,0.67552,0.225,0,,,
moderate_signal,3000,18,0.68584,0.22249,0,,,
moderate_signal,3000,19,0.68975,0.22171,0,,,
moderate_signal,3000,20,0.69017,0.22123,0,,,
moderate_signal,3000,21,0.69333,0.22131,0,,,
moderate_signal,3000,22,0.69012,0.22148,0,,,
moderate_signal,3000,23,0.66959,0.22661,0,,,
moderate_signal,3000,24,0.68779,0.22272,0,,,
moderate_signal,3000,25,0.66893,0.2276,0,,,
moderate_signal,3000,26,0.67628,0.22543,0,,,
moderate_signal,3000,27,0.67836,0.224,0,,,
moderate_signal,3000,28,0.69454,0.22064,0,,,
moderate_signal,3000,29,0.68306,0.22304,0,,,
moderate_signal,3000,30,0.69105,0.2212,0,,,
wbv_positive,3000,1,0.84311,0.16264,0,,,
wbv_positive,3000,2,0.83356,0.16693,0,,,
wbv_positive,3000,3,0.84204,0.16148,0,,,
wbv_positive,3000,4,0.8305,0.16779,0,,,
wbv_positive,3000,5,0.82478,0.17213,0,,,
wbv_positive,3000,6,0.84223,0.16265,0,,,
wbv_positive,3000,7,0.84517,0.16224,0,,,
wbv_positive,3000,8,0.82701,0.17087,0,,,
wbv_positive,3000,9,0.8283,0.17059,0,,,
wbv_positive,3000,10,0.82785,0.17007,0,,,
wbv_positive,3000,11,0.82059,0.17311,0,,,
wbv_positive,3000,12,0.84066,0.16331,0,,,
wbv_positive,3000,13,0.83735,0.16453,0,,,
wbv_positive,3000,14,0.8316,0.1691,0,,,
wbv_positive,3000,15,0.82633,0.17183,0,,,
wbv_positive,3000,16,0.84159,0.16353,0,,,
wbv_positive,3000,17,0.83574,0.16648,0,,,
wbv_positive,3000,18,0.83282,0.16807,0,,,
wbv_positive,3000,19,0.84263,0.16124,0,,,
wbv_positive,3000,20,0.8364,0.16617,0,,,
wbv_positive,3000,21,0.84278,0.1627,0,,,
wbv_positive,3000,22,0.82365,0.17299,0,,,
wbv_positive,3000,23,0.81771,0.17531,0,,,
wbv_positive,3000,24,0.83705,0.16455,0,,,
wbv_positive,3000,25,0.83436,0.16688,0,,,
wbv_positive,3000,26,0.84251,0.1623,0,,,
wbv_positive,3000,27,0.84348,0.16232,0,,,
wbv_positive,3000,28,0.83035,0.16924,0,,,
wbv_positive,3000,29,0.82645,0.17084,0,,,
wbv_positive,3000,30,0.82663,0.17132,0,,,
null,6000,1,0.50733,0.25035,1,,,
null,6000,2,0.49089,0.25062,1,,,
null,6000,3,0.48672,0.25059,1,,,
null,6000,4,0.47726,0.25086,1,,,
null,6000,5,0.49018,0.25102,1,,,
null,6000,6,0.51547,0.24979,1,,,
null,6000,7,0.48063,0.25073,1,,,
null,6000,8,0.49149,0.25056,1,,,
null,6000,9,0.51272,0.25019,1,,,
null,6000,10,0.47336,0.2509,1,,,
null,6000,11,0.52592,0.24941,1,,,
null,6000,12,0.48008,0.25118,1,,,
null,6000,13,0.50387,0.25033,1,,,
null,6000,14,0.51955,0.24967,1,,,
null,6000,15,0.51227,0.24988,1,,,
null,6000,16,0.5042,0.25035,1,,,
null,6000,17,0.50979,0.25007,1,,,
null,6000,18,0.49778,0.25033,1,,,
null,6000,19,0.51305,0.24992,1,,,
null,6000,20,0.48039,0.25046,1,,,
null,6000,21,0.50296,0.25066,1,,,
null,6000,22,0.49335,0.25054,1,,,
null,6000,23,0.49582,0.25074,1,,,
null,6000,24,0.50646,0.25012,1,,,
null,6000,25,0.5014,0.25038,1,,,
null,6000,26,0.49754,0.25021,1,,,
null,6000,27,0.50634,0.25023,1,,,
null,6000,28,0.50556,0.25008,1,,,
null,6000,29,0.49054,0.25043,1,,,
null,6000,30,0.48831,0.25053,1,,,
weak_signal,6000,1,0.57868,0.24511,0,,,
weak_signal,6000,2,0.60179,0.24153,0,,,
weak_signal,6000,3,0.60369,0.24199,0,,,
weak_signal,6000,4,0.59803,0.24257,0,,,
weak_signal,6000,5,0.59326,0.24346,0,,,
weak_signal,6000,6,0.5909,0.24375,0,,,
weak_signal,6000,7,0.5922,0.24336,0,,,
weak_signal,6000,8,0.59424,0.24281,0,,,
weak_signal,6000,9,0.5967,0.24257,0,,,
weak_signal,6000,10,0.6001,0.24206,0,,,
weak_signal,6000,11,0.59447,0.24294,0,,,
weak_signal,6000,12,0.58321,0.24434,0,,,
weak_signal,6000,13,0.5993,0.24224,0,,,
weak_signal,6000,14,0.58637,0.2441,0,,,
weak_signal,6000,15,0.5997,0.24237,0,,,
weak_signal,6000,16,0.5889,0.24342,0,,,
weak_signal,6000,17,0.59172,0.24315,0,,,
weak_signal,6000,18,0.60546,0.24122,0,,,
weak_signal,6000,19,0.58459,0.24451,0,,,
weak_signal,6000,20,0.58782,0.24363,0,,,
weak_signal,6000,21,0.6133,0.24024,0,,,
weak_signal,6000,22,0.58548,0.24439,0,,,
weak_signal,6000,23,0.57754,0.24521,0,,,
weak_signal,6000,24,0.59064,0.24349,0,,,
weak_signal,6000,25,0.59363,0.24306,0,,,
weak_signal,6000,26,0.59917,0.24198,0,,,
weak_signal,6000,27,0.58789,0.24407,0,,,
weak_signal,6000,28,0.58822,0.24352,0,,,
weak_signal,6000,29,0.59814,0.24229,0,,,
weak_signal,6000,30,0.57841,0.24487,0,,,
moderate_signal,6000,1,0.66673,0.22724,0,,,
moderate_signal,6000,2,0.68585,0.2227,0,,,
moderate_signal,6000,3,0.67709,0.22546,0,,,
moderate_signal,6000,4,0.68722,0.22229,0,,,
moderate_signal,6000,5,0.66899,0.22742,0,,,
moderate_signal,6000,6,0.67785,0.22515,0,,,
moderate_signal,6000,7,0.67431,0.22558,0,,,
moderate_signal,6000,8,0.6811,0.22385,0,,,
moderate_signal,6000,9,0.68451,0.223,0,,,
moderate_signal,6000,10,0.67783,0.22486,0,,,
moderate_signal,6000,11,0.68309,0.22418,0,,,
moderate_signal,6000,12,0.66623,0.2281,0,,,
moderate_signal,6000,13,0.68218,0.22392,0,,,
moderate_signal,6000,14,0.6828,0.22365,0,,,
moderate_signal,6000,15,0.68627,0.22312,0,,,
moderate_signal,6000,16,0.67608,0.22514,0,,,
moderate_signal,6000,17,0.68068,0.22425,0,,,
moderate_signal,6000,18,0.68281,0.22403,0,,,
moderate_signal,6000,19,0.67379,0.22445,0,,,
moderate_signal,6000,20,0.68212,0.22349,0,,,
moderate_signal,6000,21,0.68202,0.2242,0,,,
moderate_signal,6000,22,0.6785,0.22443,0,,,
moderate_signal,6000,23,0.65889,0.23006,0,,,
moderate_signal,6000,24,0.66347,0.22839,0,,,
moderate_signal,6000,25,0.67663,0.22518,0,,,
moderate_signal,6000,26,0.68819,0.22202,0,,,
moderate_signal,6000,27,0.67649,0.22562,0,,,
moderate_signal,6000,28,0.67484,0.22514,0,,,
moderate_signal,6000,29,0.67067,0.22642,0,,,
moderate_signal,6000,30,0.67143,0.22602,0,,,
wbv_positive,6000,1,0.84213,0.16324,0,,,
wbv_positive,6000,2,0.83337,0.16768,0,,,
wbv_positive,6000,3,0.84197,0.16264,0,,,
wbv_positive,6000,4,0.83507,0.16639,0,,,
wbv_positive,6000,5,0.83627,0.16599,0,,,
wbv_positive,6000,6,0.83145,0.16857,0,,,
wbv_positive,6000,7,0.83837,0.16475,0,,,
wbv_positive,6000,8,0.83611,0.16657,0,,,
wbv_positive,6000,9,0.84213,0.16353,0,,,
wbv_positive,6000,10,0.82895,0.16926,0,,,
wbv_positive,6000,11,0.83304,0.16746,0,,,
wbv_positive,6000,12,0.83246,0.16853,0,,,
wbv_positive,6000,13,0.83736,0.16581,0,,,
wbv_positive,6000,14,0.84012,0.16369,0,,,
wbv_positive,6000,15,0.83422,0.16683,0,,,
wbv_positive,6000,16,0.84238,0.16358,0,,,
wbv_positive,6000,17,0.83689,0.16611,0,,,
wbv_positive,6000,18,0.82464,0.17273,0,,,
wbv_positive,6000,19,0.83653,0.16554,0,,,
wbv_positive,6000,20,0.84266,0.16324,0,,,
wbv_positive,6000,21,0.83319,0.1675,0,,,
wbv_positive,6000,22,0.83668,0.16595,0,,,
wbv_positive,6000,23,0.83852,0.16503,0,,,
wbv_positive,6000,24,0.83395,0.1671,0,,,
wbv_positive,6000,25,0.82923,0.16935,0,,,
wbv_positive,6000,26,0.82818,0.1699,0,,,
wbv_positive,6000,27,0.83285,0.16827,0,,,
wbv_positive,6000,28,0.84458,0.16099,0,,,
wbv_positive,6000,29,0.83055,0.16836,0,,,
wbv_positive,6000,30,0.83402,0.1678,0,,,
null,10000,1,0.51228,0.25012,1,,,
null,10000,2,0.49253,0.25036,1,,,
null,10000,3,0.51241,0.25009,1,,,
null,10000,4,0.49019,0.25047,1,,,
null,10000,5,0.49162,0.25031,1,,,
null,10000,6,0.51108,0.25011,1,,,
null,10000,7,0.51278,0.24988,1,,,
null,10000,8,0.51964,0.24959,1,,,
null,10000,9,0.51112,0.25003,1,,,
null,10000,10,0.49993,0.25029,1,,,
null,10000,11,0.52144,0.24975,1,,,
null,10000,12,0.49335,0.25027,1,,,
null,10000,13,0.48798,0.25041,1,,,
null,10000,14,0.49891,0.2503,1,,,
null,10000,15,0.49166,0.25053,1,,,
null,10000,16,0.50188,0.25031,1,,,
null,10000,17,0.49528,0.25021,1,,,
null,10000,18,0.5049,0.2502,1,,,
null,10000,19,0.49016,0.25059,1,,,
null,10000,20,0.50563,0.25023,1,,,
null,10000,21,0.49062,0.25033,1,,,
null,10000,22,0.49658,0.25057,1,,,
null,10000,23,0.49925,0.25014,1,,,
null,10000,24,0.50179,0.25028,1,,,
null,10000,25,0.51546,0.2497,1,,,
null,10000,26,0.47916,0.25028,1,,,
null,10000,27,0.50265,0.25019,1,,,
null,10000,28,0.50205,0.2501,1,,,
null,10000,29,0.49832,0.25041,1,,,
null,10000,30,0.50412,0.25016,1,,,
weak_signal,10000,1,0.59312,0.24357,0,,,
weak_signal,10000,2,0.59118,0.2435,0,,,
weak_signal,10000,3,0.58639,0.24427,0,,,
weak_signal,10000,4,0.59668,0.24284,0,,,
weak_signal,10000,5,0.60553,0.24098,0,,,
weak_signal,10000,6,0.58895,0.24374,0,,,
weak_signal,10000,7,0.60252,0.24186,0,,,
weak_signal,10000,8,0.59627,0.24278,0,,,
weak_signal,10000,9,0.5987,0.24222,0,,,
weak_signal,10000,10,0.57539,0.24525,0,,,
weak_signal,10000,11,0.60073,0.24192,0,,,
weak_signal,10000,12,0.59672,0.24281,0,,,
weak_signal,10000,13,0.59166,0.24347,0,,,
weak_signal,10000,14,0.59735,0.24251,0,,,
weak_signal,10000,15,0.59986,0.24209,0,,,
weak_signal,10000,16,0.58245,0.24467,0,,,
weak_signal,10000,17,0.60225,0.24209,0,,,
weak_signal,10000,18,0.5868,0.24391,0,,,
weak_signal,10000,19,0.60039,0.24191,0,,,
weak_signal,10000,20,0.59217,0.24333,0,,,
weak_signal,10000,21,0.58892,0.2438,0,,,
weak_signal,10000,22,0.59874,0.24247,0,,,
weak_signal,10000,23,0.58644,0.24423,0,,,
weak_signal,10000,24,0.58592,0.24412,0,,,
weak_signal,10000,25,0.59731,0.24254,0,,,
weak_signal,10000,26,0.5906,0.24355,0,,,
weak_signal,10000,27,0.59761,0.24268,0,,,
weak_signal,10000,28,0.5938,0.24362,0,,,
weak_signal,10000,29,0.60011,0.2419,0,,,
weak_signal,10000,30,0.59388,0.24308,0,,,
moderate_signal,10000,1,0.69171,0.22102,0,,,
moderate_signal,10000,2,0.66448,0.22875,0,,,
moderate_signal,10000,3,0.67816,0.22447,0,,,
moderate_signal,10000,4,0.67638,0.22571,0,,,
moderate_signal,10000,5,0.6855,0.22316,0,,,
moderate_signal,10000,6,0.66964,0.22773,0,,,
moderate_signal,10000,7,0.68857,0.22234,0,,,
moderate_signal,10000,8,0.68217,0.22382,0,,,
moderate_signal,10000,9,0.69052,0.22178,0,,,
moderate_signal,10000,10,0.66424,0.22866,0,,,
moderate_signal,10000,11,0.68863,0.22135,0,,,
moderate_signal,10000,12,0.68688,0.22222,0,,,
moderate_signal,10000,13,0.68201,0.22347,0,,,
moderate_signal,10000,14,0.68111,0.22383,0,,,
moderate_signal,10000,15,0.68672,0.22195,0,,,
moderate_signal,10000,16,0.68116,0.22387,0,,,
moderate_signal,10000,17,0.68221,0.22391,0,,,
moderate_signal,10000,18,0.67404,0.22563,0,,,
moderate_signal,10000,19,0.67479,0.22639,0,,,
moderate_signal,10000,20,0.67929,0.22433,0,,,
moderate_signal,10000,21,0.67791,0.22489,0,,,
moderate_signal,10000,22,0.68724,0.22224,0,,,
moderate_signal,10000,23,0.68587,0.22282,0,,,
moderate_signal,10000,24,0.67366,0.22514,0,,,
moderate_signal,10000,25,0.6871,0.22208,0,,,
moderate_signal,10000,26,0.6804,0.22395,0,,,
moderate_signal,10000,27,0.67909,0.22469,0,,,
moderate_signal,10000,28,0.67817,0.22495,0,,,
moderate_signal,10000,29,0.67538,0.22554,0,,,
moderate_signal,10000,30,0.67818,0.22446,0,,,
wbv_positive,10000,1,0.83444,0.16688,0,,,
wbv_positive,10000,2,0.83442,0.16739,0,,,
wbv_positive,10000,3,0.84066,0.16363,0,,,
wbv_positive,10000,4,0.82865,0.16977,0,,,
wbv_positive,10000,5,0.83087,0.1686,0,,,
wbv_positive,10000,6,0.83143,0.16867,0,,,
wbv_positive,10000,7,0.83464,0.16704,0,,,
wbv_positive,10000,8,0.83862,0.16486,0,,,
wbv_positive,10000,9,0.83147,0.16879,0,,,
wbv_positive,10000,10,0.83453,0.16728,0,,,
wbv_positive,10000,11,0.83589,0.16621,0,,,
wbv_positive,10000,12,0.83267,0.16821,0,,,
wbv_positive,10000,13,0.82797,0.17021,0,,,
wbv_positive,10000,14,0.83389,0.16701,0,,,
wbv_positive,10000,15,0.83842,0.16513,0,,,
wbv_positive,10000,16,0.83508,0.16704,0,,,
wbv_positive,10000,17,0.8331,0.16787,0,,,
wbv_positive,10000,18,0.83652,0.16587,0,,,
wbv_positive,10000,19,0.83072,0.16922,0,,,
wbv_positive,10000,20,0.83375,0.16785,0,,,
wbv_positive,10000,21,0.828,0.1707,0,,,
wbv_positive,10000,22,0.82757,0.17062,0,,,
wbv_positive,10000,23,0.8356,0.16691,0,,,
wbv_positive,10000,24,0.82748,0.17017,0,,,
wbv_positive,10000,25,0.83226,0.16812,0,,,
wbv_positive,10000,26,0.83737,0.16555,0,,,
wbv_positive,10000,27,0.83112,0.16872,0,,,
wbv_positive,10000,28,0.83357,0.16797,0,,,
wbv_positive,10000,29,0.8329,0.16823,0,,,
wbv_positive,10000,30,0.84212,0.16337,0,,,
null,50000,1,0.5,0.25003,1,,,
null,50000,2,0.49872,0.25006,1,,,
null,50000,3,0.50728,0.24998,1,,,
null,50000,4,0.50387,0.24997,1,,,
null,50000,5,0.50143,0.25003,1,,,
null,50000,6,0.50186,0.25,1,,,
null,50000,7,0.49412,0.2501,1,,,
null,50000,8,0.50088,0.25005,1,,,
null,50000,9,0.49832,0.25006,1,,,
null,50000,10,0.49466,0.2501,1,,,
null,50000,11,0.49559,0.25006,1,,,
null,50000,12,0.50324,0.25001,1,,,
null,50000,13,0.50039,0.25004,1,,,
null,50000,14,0.50273,0.25001,1,,,
null,50000,15,0.4972,0.25004,1,,,
null,50000,16,0.5048,0.24996,1,,,
null,50000,17,0.49826,0.25002,1,,,
null,50000,18,0.49469,0.25009,1,,,
null,50000,19,0.49085,0.25008,1,,,
null,50000,20,0.4941,0.25009,1,,,
null,50000,21,0.49631,0.25004,1,,,
null,50000,22,0.5047,0.25005,1,,,
null,50000,23,0.49997,0.25005,1,,,
null,50000,24,0.50165,0.25006,1,,,
null,50000,25,0.50952,0.24998,1,,,
null,50000,26,0.50018,0.25004,1,,,
null,50000,27,0.4997,0.25008,1,,,
null,50000,28,0.49749,0.25006,1,,,
null,50000,29,0.49688,0.25006,1,,,
null,50000,30,0.4966,0.25005,1,,,
weak_signal,50000,1,0.58821,0.24391,0,,,
weak_signal,50000,2,0.59701,0.2426,0,,,
weak_signal,50000,3,0.59465,0.24298,0,,,
weak_signal,50000,4,0.59543,0.24287,0,,,
weak_signal,50000,5,0.59229,0.24334,0,,,
weak_signal,50000,6,0.59226,0.24338,0,,,
weak_signal,50000,7,0.59557,0.24306,0,,,
weak_signal,50000,8,0.59827,0.24247,0,,,
weak_signal,50000,9,0.59536,0.24295,0,,,
weak_signal,50000,10,0.59666,0.24275,0,,,
weak_signal,50000,11,0.60206,0.24181,0,,,
weak_signal,50000,12,0.59244,0.24331,0,,,
weak_signal,50000,13,0.59611,0.24287,0,,,
weak_signal,50000,14,0.59126,0.24348,0,,,
weak_signal,50000,15,0.59197,0.2435,0,,,
weak_signal,50000,16,0.59497,0.24295,0,,,
weak_signal,50000,17,0.59527,0.24288,0,,,
weak_signal,50000,18,0.59378,0.24314,0,,,
weak_signal,50000,19,0.59221,0.24334,0,,,
weak_signal,50000,20,0.59802,0.24257,0,,,
weak_signal,50000,21,0.59177,0.24357,0,,,
weak_signal,50000,22,0.59777,0.24249,0,,,
weak_signal,50000,23,0.59117,0.24347,0,,,
weak_signal,50000,24,0.5937,0.2431,0,,,
weak_signal,50000,25,0.59455,0.24303,0,,,
weak_signal,50000,26,0.59331,0.2432,0,,,
weak_signal,50000,27,0.593,0.24307,0,,,
weak_signal,50000,28,0.59757,0.24254,0,,,
weak_signal,50000,29,0.59061,0.24355,0,,,
weak_signal,50000,30,0.59544,0.24303,0,,,
moderate_signal,50000,1,0.67821,0.22474,0,,,
moderate_signal,50000,2,0.68373,0.22359,0,,,
moderate_signal,50000,3,0.67809,0.22491,0,,,
moderate_signal,50000,4,0.68193,0.22372,0,,,
moderate_signal,50000,5,0.67851,0.22497,0,,,
moderate_signal,50000,6,0.6802,0.22431,0,,,
moderate_signal,50000,7,0.68396,0.22358,0,,,
moderate_signal,50000,8,0.68732,0.22234,0,,,
moderate_signal,50000,9,0.67665,0.22534,0,,,
moderate_signal,50000,10,0.67964,0.22461,0,,,
moderate_signal,50000,11,0.67834,0.22498,0,,,
moderate_signal,50000,12,0.68172,0.22392,0,,,
moderate_signal,50000,13,0.67949,0.2248,0,,,
moderate_signal,50000,14,0.67953,0.22419,0,,,
moderate_signal,50000,15,0.674,0.22605,0,,,
moderate_signal,50000,16,0.68239,0.224,0,,,
moderate_signal,50000,17,0.68049,0.22419,0,,,
moderate_signal,50000,18,0.6809,0.22428,0,,,
moderate_signal,50000,19,0.67811,0.22511,0,,,
moderate_signal,50000,20,0.67872,0.22491,0,,,
moderate_signal,50000,21,0.6778,0.22473,0,,,
moderate_signal,50000,22,0.68089,0.2244,0,,,
moderate_signal,50000,23,0.67117,0.22675,0,,,
moderate_signal,50000,24,0.68015,0.22458,0,,,
moderate_signal,50000,25,0.67921,0.22456,0,,,
moderate_signal,50000,26,0.67857,0.22491,0,,,
moderate_signal,50000,27,0.6806,0.22423,0,,,
moderate_signal,50000,28,0.68341,0.22328,0,,,
moderate_signal,50000,29,0.67901,0.22488,0,,,
moderate_signal,50000,30,0.68375,0.2233,0,,,
wbv_positive,50000,1,0.83547,0.16701,0,,,
wbv_positive,50000,2,0.83516,0.16693,0,,,
wbv_positive,50000,3,0.83404,0.16755,0,,,
wbv_positive,50000,4,0.83678,0.16624,0,,,
wbv_positive,50000,5,0.83682,0.16627,0,,,
wbv_positive,50000,6,0.83986,0.1649,0,,,
wbv_positive,50000,7,0.83438,0.16746,0,,,
wbv_positive,50000,8,0.8344,0.16714,0,,,
wbv_positive,50000,9,0.83228,0.16845,0,,,
wbv_positive,50000,10,0.83534,0.16689,0,,,
wbv_positive,50000,11,0.83336,0.16783,0,,,
wbv_positive,50000,12,0.83232,0.1683,0,,,
wbv_positive,50000,13,0.83643,0.16646,0,,,
wbv_positive,50000,14,0.83658,0.1664,0,,,
wbv_positive,50000,15,0.83637,0.1665,0,,,
wbv_positive,50000,16,0.83325,0.16791,0,,,
wbv_positive,50000,17,0.83672,0.16611,0,,,
wbv_positive,50000,18,0.83557,0.16688,0,,,
wbv_positive,50000,19,0.83863,0.1648,0,,,
wbv_positive,50000,20,0.83568,0.16676,0,,,
wbv_positive,50000,21,0.83352,0.16799,0,,,
wbv_positive,50000,22,0.83487,0.16712,0,,,
wbv_positive,50000,23,0.83405,0.16762,0,,,
wbv_positive,50000,24,0.83725,0.16614,0,,,
wbv_positive,50000,25,0.83668,0.16631,0,,,
wbv_positive,50000,26,0.8368,0.16594,0,,,
wbv_positive,50000,27,0.83347,0.16777,0,,,
wbv_positive,50000,28,0.83353,0.1678,0,,,
wbv_positive,50000,29,0.8329,0.16814,0,,,
wbv_positive,50000,30,0.8351,0.16696,0,,,
null,100000,1,0.499,0.25003,1,,,
null,100000,2,0.49834,0.25003,1,,,
null,100000,3,0.50199,0.25004,1,,,
null,100000,4,0.50489,0.24998,1,,,
null,100000,5,0.49669,0.25003,1,,,
null,100000,6,0.49952,0.25002,1,,,
null,100000,7,0.49964,0.25003,1,,,
null,100000,8,0.50195,0.25001,1,,,
null,100000,9,0.50216,0.25002,1,,,
null,100000,10,0.50154,0.25003,1,,,
null,100000,11,0.49768,0.25003,1,,,
null,100000,12,0.49651,0.25003,1,,,
null,100000,13,0.49792,0.25004,1,,,
null,100000,14,0.49955,0.25002,1,,,
null,100000,15,0.49396,0.25006,1,,,
null,100000,16,0.49133,0.25007,1,,,
null,100000,17,0.50138,0.25001,1,,,
null,100000,18,0.49903,0.25003,1,,,
null,100000,19,0.49955,0.25002,1,,,
null,100000,20,0.50832,0.24993,1,,,
null,100000,21,0.49892,0.25002,1,,,
null,100000,22,0.50261,0.25001,1,,,
null,100000,23,0.50195,0.25001,1,,,
null,100000,24,0.49894,0.25003,1,,,
null,100000,25,0.50073,0.25002,1,,,
null,100000,26,0.4968,0.25004,1,,,
null,100000,27,0.50091,0.25001,1,,,
null,100000,28,0.50075,0.25002,1,,,
null,100000,29,0.50051,0.25001,1,,,
null,100000,30,0.50445,0.25,1,,,
weak_signal,100000,1,0.59497,0.24294,0,,,
weak_signal,100000,2,0.59408,0.24306,0,,,
weak_signal,100000,3,0.5977,0.24258,0,,,
weak_signal,100000,4,0.59558,0.24285,0,,,
weak_signal,100000,5,0.5953,0.24301,0,,,
weak_signal,100000,6,0.59664,0.24278,0,,,
weak_signal,100000,7,0.59688,0.24276,0,,,
weak_signal,100000,8,0.5952,0.24295,0,,,
weak_signal,100000,9,0.59716,0.24273,0,,,
weak_signal,100000,10,0.59627,0.24282,0,,,
weak_signal,100000,11,0.59419,0.24308,0,,,
weak_signal,100000,12,0.59371,0.24312,0,,,
weak_signal,100000,13,0.59574,0.24276,0,,,
weak_signal,100000,14,0.59582,0.24287,0,,,
weak_signal,100000,15,0.59512,0.24289,0,,,
weak_signal,100000,16,0.59564,0.24287,0,,,
weak_signal,100000,17,0.59238,0.24327,0,,,
weak_signal,100000,18,0.59819,0.24256,0,,,
weak_signal,100000,19,0.59291,0.2433,0,,,
weak_signal,100000,20,0.59847,0.24253,0,,,
weak_signal,100000,21,0.59518,0.243,0,,,
weak_signal,100000,22,0.5944,0.243,0,,,
weak_signal,100000,23,0.59675,0.24275,0,,,
weak_signal,100000,24,0.59166,0.24355,0,,,
weak_signal,100000,25,0.59515,0.24294,0,,,
weak_signal,100000,26,0.59747,0.24262,0,,,
weak_signal,100000,27,0.5912,0.24344,0,,,
weak_signal,100000,28,0.59633,0.24282,0,,,
weak_signal,100000,29,0.59604,0.24278,0,,,
weak_signal,100000,30,0.59453,0.24302,0,,,
moderate_signal,100000,1,0.68178,0.22406,0,,,
moderate_signal,100000,2,0.67811,0.22487,0,,,
moderate_signal,100000,3,0.68041,0.22426,0,,,
moderate_signal,100000,4,0.6816,0.22402,0,,,
moderate_signal,100000,5,0.67919,0.22473,0,,,
moderate_signal,100000,6,0.68138,0.22399,0,,,
moderate_signal,100000,7,0.67911,0.22469,0,,,
moderate_signal,100000,8,0.68052,0.22445,0,,,
moderate_signal,100000,9,0.68176,0.22398,0,,,
moderate_signal,100000,10,0.68351,0.22379,0,,,
moderate_signal,100000,11,0.67846,0.2246,0,,,
moderate_signal,100000,12,0.67616,0.22544,0,,,
moderate_signal,100000,13,0.68222,0.22387,0,,,
moderate_signal,100000,14,0.68138,0.22407,0,,,
moderate_signal,100000,15,0.68138,0.22403,0,,,
moderate_signal,100000,16,0.67793,0.22506,0,,,
moderate_signal,100000,17,0.67807,0.22496,0,,,
moderate_signal,100000,18,0.68091,0.22444,0,,,
moderate_signal,100000,19,0.68069,0.22439,0,,,
moderate_signal,100000,20,0.68249,0.22379,0,,,
moderate_signal,100000,21,0.68146,0.22423,0,,,
moderate_signal,100000,22,0.68224,0.22379,0,,,
moderate_signal,100000,23,0.68183,0.22407,0,,,
moderate_signal,100000,24,0.68093,0.22442,0,,,
moderate_signal,100000,25,0.67915,0.22468,0,,,
moderate_signal,100000,26,0.68205,0.22384,0,,,
moderate_signal,100000,27,0.67707,0.22528,0,,,
moderate_signal,100000,28,0.67929,0.22478,0,,,
moderate_signal,100000,29,0.67915,0.22455,0,,,
moderate_signal,100000,30,0.68077,0.22434,0,,,
wbv_positive,100000,1,0.83313,0.16801,0,,,
wbv_positive,100000,2,0.83384,0.16781,0,,,
wbv_positive,100000,3,0.83678,0.16628,0,,,
wbv_positive,100000,4,0.83702,0.16608,0,,,
wbv_positive,100000,5,0.83498,0.16723,0,,,
wbv_positive,100000,6,0.8354,0.16706,0,,,
wbv_positive,100000,7,0.83581,0.16685,0,,,
wbv_positive,100000,8,0.8349,0.16716,0,,,
wbv_positive,100000,9,0.83187,0.16865,0,,,
wbv_positive,100000,10,0.83519,0.16704,0,,,
wbv_positive,100000,11,0.83617,0.16646,0,,,
wbv_positive,100000,12,0.83528,0.16695,0,,,
wbv_positive,100000,13,0.83378,0.16756,0,,,
wbv_positive,100000,14,0.8351,0.16709,0,,,
wbv_positive,100000,15,0.83472,0.16718,0,,,
wbv_positive,100000,16,0.83644,0.16639,0,,,
wbv_positive,100000,17,0.83538,0.16706,0,,,
wbv_positive,100000,18,0.83311,0.16774,0,,,
wbv_positive,100000,19,0.83449,0.16733,0,,,
wbv_positive,100000,20,0.83599,0.16638,0,,,
wbv_positive,100000,21,0.83449,0.16739,0,,,
wbv_positive,100000,22,0.83766,0.16586,0,,,
wbv_positive,100000,23,0.83607,0.16668,0,,,
wbv_positive,100000,24,0.83523,0.16702,0,,,
wbv_positive,100000,25,0.8359,0.16661,0,,,
wbv_positive,100000,26,0.83806,0.16559,0,,,
wbv_positive,100000,27,0.83464,0.16727,0,,,
wbv_positive,100000,28,0.83609,0.16646,0,,,
wbv_positive,100000,29,0.8336,0.16778,0,,,
wbv_positive,100000,30,0.83568,0.16677,0,,,
null_leaky,300,1,0.48017,0.26126,1,0.99733,0.03376,0.51717
null_leaky,300,2,0.53007,0.25299,1,0.98963,0.04811,0.45956
null_leaky,300,3,0.51252,0.2547,1,0.99209,0.03824,0.47956
null_leaky,300,4,0.5211,0.25625,1,0.99941,0.02992,0.4783
null_leaky,300,5,0.63052,0.23682,0,0.99407,0.03589,0.36356
null_leaky,300,6,0.58607,0.24593,0,0.99556,0.03883,0.40948
null_leaky,300,7,0.47729,0.25768,1,0.99616,0.03763,0.51886
null_leaky,300,8,0.55665,0.25337,0,0.99563,0.03418,0.43898
null_leaky,300,9,0.48563,0.25558,1,0.99793,0.03141,0.5123
null_leaky,300,10,0.47532,0.26615,1,0.99013,0.04413,0.51482
null_leaky,300,11,0.52778,0.25614,1,0.9971,0.0373,0.46932
null_leaky,300,12,0.50815,0.25794,1,0.99378,0.04045,0.48563
null_leaky,300,13,0.46442,0.26949,1,0.99416,0.03618,0.52975
null_leaky,300,14,0.50486,0.25523,1,0.99639,0.03669,0.49153
null_leaky,300,15,0.66001,0.22527,0,0.99733,0.03739,0.33732
null_leaky,300,16,0.552,0.25036,0,0.99496,0.03791,0.44296
null_leaky,300,17,0.39202,0.26628,0,0.99797,0.03706,0.60595
null_leaky,300,18,0.51756,0.25238,1,0.99176,0.03827,0.4742
null_leaky,300,19,0.51295,0.26197,1,0.9942,0.04293,0.48125
null_leaky,300,20,0.55504,0.25042,0,0.9951,0.03505,0.44005
null_leaky,300,21,0.56547,0.25246,0,0.99877,0.03987,0.4333
null_leaky,300,22,0.53455,0.25581,1,0.99764,0.03151,0.46309
null_leaky,300,23,0.49334,0.26775,1,0.99713,0.03493,0.50379
null_leaky,300,24,0.58044,0.24537,0,0.99556,0.03903,0.41511
null_leaky,300,25,0.4803,0.26478,1,0.99852,0.03767,0.51822
null_leaky,300,26,0.59987,0.24766,0,0.99649,0.0305,0.39662
null_leaky,300,27,0.48554,0.25894,1,0.99649,0.03299,0.51096
null_leaky,300,28,0.53519,0.25652,1,0.99738,0.0362,0.4622
null_leaky,300,29,0.46366,0.25943,1,0.99443,0.04024,0.53077
null_leaky,300,30,0.45946,0.26717,1,0.99446,0.03305,0.535
null_leaky,500,1,0.42151,0.26024,0,0.99787,0.02675,0.57635
null_leaky,500,2,0.5457,0.25104,1,0.99743,0.02884,0.45173
null_leaky,500,3,0.44654,0.26065,0,0.9982,0.0283,0.55165
null_leaky,500,4,0.44936,0.26006,0,0.99947,0.0256,0.55011
null_leaky,500,5,0.4898,0.25393,1,0.99819,0.02745,0.50839
null_leaky,500,6,0.50944,0.25223,1,0.99925,0.02613,0.48982
null_leaky,500,7,0.47437,0.25833,1,0.99819,0.02934,0.52382
null_leaky,500,8,0.54624,0.24783,1,0.99893,0.02497,0.45269
null_leaky,500,9,0.45003,0.25742,1,0.99968,0.02727,0.54965
null_leaky,500,10,0.48068,0.25375,1,0.99851,0.03157,0.51783
null_leaky,500,11,0.52288,0.25177,1,0.99851,0.027,0.47563
null_leaky,500,12,0.52412,0.25462,1,0.99873,0.02924,0.4746
null_leaky,500,13,0.53715,0.24888,1,0.99744,0.02937,0.46028
null_leaky,500,14,0.54544,0.2534,1,0.99746,0.03045,0.45202
null_leaky,500,15,0.51936,0.25286,1,0.99744,0.03456,0.47808
null_leaky,500,16,0.44429,0.25692,0,0.99743,0.02676,0.55314
null_leaky,500,17,0.47093,0.25473,1,0.99779,0.03015,0.52686
null_leaky,500,18,0.49857,0.25435,1,0.99873,0.02668,0.50016
null_leaky,500,19,0.46094,0.25759,1,0.99839,0.03108,0.53746
null_leaky,500,20,0.45135,0.25392,1,0.99894,0.0289,0.54759
null_leaky,500,21,0.53545,0.255,1,0.99873,0.02736,0.46328
null_leaky,500,22,0.45931,0.25876,1,0.99799,0.02796,0.53868
null_leaky,500,23,0.55797,0.25079,0,0.99883,0.0272,0.44086
null_leaky,500,24,0.52626,0.25093,1,0.99809,0.02489,0.47183
null_leaky,500,25,0.4868,0.25529,1,0.99567,0.03509,0.50887
null_leaky,500,26,0.48897,0.25692,1,0.99664,0.02807,0.50768
null_leaky,500,27,0.60281,0.2457,0,0.99989,0.02488,0.39708
null_leaky,500,28,0.45414,0.25541,1,0.99831,0.02831,0.54417
null_leaky,500,29,0.55217,0.24876,0,0.99896,0.02331,0.44679
null_leaky,500,30,0.47483,0.25591,1,0.99915,0.02569,0.52432
null_leaky,750,1,0.52743,0.25214,1,0.9974,0.02755,0.46998
null_leaky,750,2,0.52137,0.25175,1,0.99915,0.02493,0.47777
null_leaky,750,3,0.53714,0.24911,1,0.99914,0.02224,0.46201
null_leaky,750,4,0.46593,0.25573,1,0.99933,0.02322,0.5334
null_leaky,750,5,0.51549,0.25232,1,0.99881,0.02712,0.48333
null_leaky,750,6,0.53867,0.24914,1,0.99872,0.02569,0.46005
null_leaky,750,7,0.53985,0.24834,1,0.99934,0.02285,0.4595
null_leaky,750,8,0.496,0.2521,1,0.9989,0.02396,0.50291
null_leaky,750,9,0.51481,0.25069,1,0.99934,0.02477,0.48453
null_leaky,750,10,0.47457,0.25283,1,0.9992,0.02253,0.52463
null_leaky,750,11,0.48459,0.25331,1,0.99905,0.02528,0.51445
null_leaky,750,12,0.50489,0.25431,1,0.9989,0.0245,0.49401
null_leaky,750,13,0.50665,0.25491,1,0.99869,0.02465,0.49204
null_leaky,750,14,0.4731,0.25369,1,0.99928,0.02264,0.52618
null_leaky,750,15,0.48777,0.2528,1,0.99905,0.02593,0.51128
null_leaky,750,16,0.47937,0.25258,1,0.99953,0.02404,0.52016
null_leaky,750,17,0.53383,0.2506,1,0.99925,0.02094,0.46543
null_leaky,750,18,0.48471,0.25496,1,0.99877,0.0251,0.51406
null_leaky,750,19,0.54054,0.25089,1,0.99857,0.02352,0.45803
null_leaky,750,20,0.51959,0.25176,1,0.99901,0.02355,0.47942
null_leaky,750,21,0.45497,0.25873,1,0.99905,0.02447,0.54407
null_leaky,750,22,0.51641,0.25277,1,0.99828,0.02256,0.48187
null_leaky,750,23,0.5012,0.25606,1,0.99933,0.02364,0.49813
null_leaky,750,24,0.51277,0.25073,1,0.99967,0.0201,0.4869
null_leaky,750,25,0.52144,0.25134,1,0.99897,0.02366,0.47753
null_leaky,750,26,0.49355,0.25388,1,0.99864,0.02451,0.50509
null_leaky,750,27,0.53865,0.24972,1,0.99842,0.02635,0.45978
null_leaky,750,28,0.47364,0.25294,1,0.99957,0.02236,0.52593
null_leaky,750,29,0.51169,0.25091,1,0.99933,0.02298,0.48764
null_leaky,750,30,0.47755,0.255,1,0.99909,0.02224,0.52155
null_leaky,1500,1,0.51182,0.25093,1,0.9997,0.01821,0.48788
null_leaky,1500,2,0.47909,0.25252,1,0.9996,0.01847,0.5205
null_leaky,1500,3,0.52068,0.2512,1,0.99973,0.01582,0.47905
null_leaky,1500,4,0.49619,0.25129,1,0.99987,0.01926,0.50368
null_leaky,1500,5,0.48393,0.25181,1,0.99952,0.01796,0.51559
null_leaky,1500,6,0.50233,0.25163,1,0.99948,0.01911,0.49715
null_leaky,1500,7,0.48141,0.25339,1,0.99962,0.01835,0.51821
null_leaky,1500,8,0.49961,0.25126,1,0.99955,0.01872,0.49994
null_leaky,1500,9,0.4909,0.25293,1,0.99973,0.01639,0.50883
null_leaky,1500,10,0.52336,0.25012,1,0.99967,0.01804,0.4763
null_leaky,1500,11,0.52726,0.25147,1,0.99981,0.01734,0.47255
null_leaky,1500,12,0.53021,0.2493,1,0.99929,0.01991,0.46908
null_leaky,1500,13,0.50776,0.25158,1,0.99957,0.01958,0.49181
null_leaky,1500,14,0.52891,0.24938,1,0.99914,0.01864,0.47023
null_leaky,1500,15,0.53964,0.24883,1,0.99928,0.01886,0.45964
null_leaky,1500,16,0.51576,0.2513,1,0.99973,0.01984,0.48397
null_leaky,1500,17,0.50366,0.25161,1,0.99972,0.01562,0.49606
null_leaky,1500,18,0.4999,0.25116,1,0.9997,0.01705,0.4998
null_leaky,1500,19,0.48223,0.2517,1,0.99975,0.01752,0.51752
null_leaky,1500,20,0.51652,0.25136,1,0.99959,0.01868,0.48307
null_leaky,1500,21,0.46348,0.2531,1,0.99953,0.01955,0.53605
null_leaky,1500,22,0.51252,0.25073,1,0.99986,0.01692,0.48734
null_leaky,1500,23,0.43722,0.2538,0,0.99954,0.0192,0.56232
null_leaky,1500,24,0.50935,0.25128,1,0.99919,0.01911,0.48984
null_leaky,1500,25,0.53006,0.25045,1,0.99935,0.01923,0.46929
null_leaky,1500,26,0.52042,0.25034,1,0.99972,0.01724,0.4793
null_leaky,1500,27,0.53858,0.24891,1,0.99952,0.01894,0.46094
null_leaky,1500,28,0.504,0.25101,1,0.99967,0.01848,0.49567
null_leaky,1500,29,0.488,0.25224,1,0.99948,0.02067,0.51147
null_leaky,1500,30,0.43642,0.25636,0,0.99948,0.02044,0.56306
null_leaky,3000,1,0.51206,0.25025,1,0.9998,0.01477,0.48774
null_leaky,3000,2,0.49045,0.25114,1,0.99987,0.01368,0.50942
null_leaky,3000,3,0.47022,0.25167,1,0.99995,0.01453,0.52973
null_leaky,3000,4,0.50887,0.25083,1,0.99979,0.01487,0.49092
null_leaky,3000,5,0.48809,0.25139,1,0.99985,0.01406,0.51176
null_leaky,3000,6,0.49381,0.25127,1,0.99986,0.01335,0.50605
null_leaky,3000,7,0.4909,0.2512,1,0.99989,0.01262,0.50899
null_leaky,3000,8,0.51072,0.25068,1,0.99981,0.01462,0.48908
null_leaky,3000,9,0.50744,0.2505,1,0.99992,0.01429,0.49248
null_leaky,3000,10,0.53281,0.24934,1,0.99985,0.01438,0.46704
null_leaky,3000,11,0.50313,0.25054,1,0.99988,0.01454,0.49676
null_leaky,3000,12,0.4963,0.25101,1,0.99989,0.01342,0.50359
null_leaky,3000,13,0.52283,0.25003,1,0.99979,0.01479,0.47696
null_leaky,3000,14,0.48589,0.2507,1,0.99988,0.01411,0.51399
null_leaky,3000,15,0.48157,0.25103,1,0.99987,0.01364,0.51831
null_leaky,3000,16,0.4986,0.25122,1,0.99991,0.014,0.5013
null_leaky,3000,17,0.51954,0.24996,1,0.9999,0.0142,0.48035
null_leaky,3000,18,0.51291,0.24976,1,0.99996,0.01409,0.48704
null_leaky,3000,19,0.51272,0.25088,1,0.99981,0.01483,0.48709
null_leaky,3000,20,0.51125,0.25091,1,0.9999,0.01445,0.48865
null_leaky,3000,21,0.50457,0.24994,1,0.99981,0.01457,0.49524
null_leaky,3000,22,0.52462,0.24952,1,0.99991,0.01406,0.47528
null_leaky,3000,23,0.48844,0.25125,1,0.99991,0.01467,0.51147
null_leaky,3000,24,0.49976,0.25077,1,0.99991,0.01568,0.50016
null_leaky,3000,25,0.50425,0.25043,1,0.99988,0.01429,0.49563
null_leaky,3000,26,0.48148,0.251,1,0.99976,0.0143,0.51827
null_leaky,3000,27,0.4957,0.25071,1,0.99992,0.01579,0.50422
null_leaky,3000,28,0.50533,0.25019,1,0.99984,0.01522,0.49451
null_leaky,3000,29,0.48429,0.25182,1,0.99993,0.01393,0.51565
null_leaky,3000,30,0.49476,0.25124,1,0.99985,0.01465,0.50509
null_leaky,6000,1,0.50733,0.25035,1,0.99991,0.01138,0.49257
null_leaky,6000,2,0.49089,0.25062,1,0.99988,0.01144,0.50899
null_leaky,6000,3,0.48672,0.25059,1,0.99994,0.01107,0.51322
null_leaky,6000,4,0.47726,0.25086,1,0.99998,0.01096,0.52272
null_leaky,6000,5,0.49018,0.25102,1,0.99997,0.01077,0.50979
null_leaky,6000,6,0.51547,0.24979,1,0.99997,0.01108,0.48449
null_leaky,6000,7,0.48063,0.25073,1,0.99996,0.01069,0.51933
null_leaky,6000,8,0.49149,0.25056,1,0.99995,0.01041,0.50847
null_leaky,6000,9,0.51272,0.25019,1,0.99994,0.01143,0.48721
null_leaky,6000,10,0.47336,0.2509,1,0.99996,0.01083,0.5266
null_leaky,6000,11,0.52592,0.24941,1,0.9999,0.01132,0.47399
null_leaky,6000,12,0.48008,0.25118,1,0.99995,0.01126,0.51988
null_leaky,6000,13,0.50387,0.25033,1,0.99997,0.01141,0.49611
null_leaky,6000,14,0.51955,0.24967,1,0.99993,0.01111,0.48038
null_leaky,6000,15,0.51227,0.24988,1,0.99998,0.01033,0.4877
null_leaky,6000,16,0.5042,0.25035,1,0.99995,0.01118,0.49575
null_leaky,6000,17,0.50979,0.25007,1,0.99997,0.01114,0.49018
null_leaky,6000,18,0.49778,0.25033,1,0.99998,0.01082,0.5022
null_leaky,6000,19,0.51305,0.24992,1,0.99994,0.01219,0.48689
null_leaky,6000,20,0.48039,0.25046,1,0.99997,0.01041,0.51958
null_leaky,6000,21,0.50296,0.25066,1,0.99996,0.01108,0.497
null_leaky,6000,22,0.49335,0.25054,1,0.99991,0.01167,0.50656
null_leaky,6000,23,0.49582,0.25074,1,0.99993,0.01129,0.50411
null_leaky,6000,24,0.50646,0.25012,1,0.99989,0.01185,0.49343
null_leaky,6000,25,0.5014,0.25038,1,0.99995,0.01143,0.49855
null_leaky,6000,26,0.49754,0.25021,1,0.99997,0.01113,0.50243
null_leaky,6000,27,0.50634,0.25023,1,0.99997,0.01053,0.49363
null_leaky,6000,28,0.50556,0.25008,1,0.99995,0.0112,0.49439
null_leaky,6000,29,0.49054,0.25043,1,0.99994,0.01071,0.5094
null_leaky,6000,30,0.48831,0.25053,1,0.99995,0.01143,0.51164
null_leaky,10000,1,0.51228,0.25012,1,0.99996,0.00945,0.48767
null_leaky,10000,2,0.49253,0.25036,1,0.99998,0.00993,0.50746
null_leaky,10000,3,0.51241,0.25009,1,0.99996,0.00981,0.48755
null_leaky,10000,4,0.49019,0.25047,1,0.99998,0.00932,0.50978
null_leaky,10000,5,0.49162,0.25031,1,0.99997,0.00906,0.50836
null_leaky,10000,6,0.51108,0.25011,1,0.99998,0.00934,0.4889
null_leaky,10000,7,0.51278,0.24988,1,0.99996,0.00989,0.48718
null_leaky,10000,8,0.51964,0.24959,1,0.99998,0.00952,0.48034
null_leaky,10000,9,0.51112,0.25003,1,0.99998,0.00928,0.48886
null_leaky,10000,10,0.49993,0.25029,1,0.99998,0.00928,0.50005
null_leaky,10000,11,0.52144,0.24975,1,0.99998,0.00929,0.47853
null_leaky,10000,12,0.49335,0.25027,1,0.99998,0.00916,0.50663
null_leaky,10000,13,0.48798,0.25041,1,0.99997,0.00988,0.51199
null_leaky,10000,14,0.49891,0.2503,1,0.99998,0.00883,0.50106
null_leaky,10000,15,0.49166,0.25053,1,0.99998,0.00946,0.50831
null_leaky,10000,16,0.50188,0.25031,1,0.99997,0.00971,0.4981
null_leaky,10000,17,0.49528,0.25021,1,0.99998,0.00921,0.50471
null_leaky,10000,18,0.5049,0.2502,1,0.99998,0.00947,0.49508
null_leaky,10000,19,0.49016,0.25059,1,0.99995,0.00919,0.5098
null_leaky,10000,20,0.50563,0.25023,1,0.99997,0.00969,0.49434
null_leaky,10000,21,0.49062,0.25033,1,0.99998,0.00916,0.50936
null_leaky,10000,22,0.49658,0.25057,1,0.99998,0.00911,0.5034
null_leaky,10000,23,0.49925,0.25014,1,0.99998,0.00901,0.50073
null_leaky,10000,24,0.50179,0.25028,1,0.99999,0.00917,0.49819
null_leaky,10000,25,0.51546,0.2497,1,0.99996,0.00915,0.4845
null_leaky,10000,26,0.47916,0.25028,1,0.99999,0.0091,0.52083
null_leaky,10000,27,0.50265,0.25019,1,0.99995,0.0096,0.4973
null_leaky,10000,28,0.50205,0.2501,1,0.99997,0.00952,0.49793
null_leaky,10000,29,0.49832,0.25041,1,0.99995,0.00938,0.50163
null_leaky,10000,30,0.50412,0.25016,1,0.99997,0.00937,0.49585
null_leaky,50000,1,0.5,0.25003,1,1.0,0.00541,0.5
null_leaky,50000,2,0.49872,0.25006,1,1.0,0.0054,0.50128
null_leaky,50000,3,0.50728,0.24998,1,1.0,0.00524,0.49272
null_leaky,50000,4,0.50387,0.24997,1,1.0,0.00542,0.49613
null_leaky,50000,5,0.50143,0.25003,1,1.0,0.00532,0.49856
null_leaky,50000,6,0.50186,0.25,1,1.0,0.00522,0.49813
null_leaky,50000,7,0.49412,0.2501,1,1.0,0.00518,0.50588
null_leaky,50000,8,0.50088,0.25005,1,1.0,0.00549,0.49911
null_leaky,50000,9,0.49832,0.25006,1,1.0,0.00544,0.50168
null_leaky,50000,10,0.49466,0.2501,1,1.0,0.00531,0.50534
null_leaky,50000,11,0.49559,0.25006,1,1.0,0.00508,0.5044
null_leaky,50000,12,0.50324,0.25001,1,1.0,0.00532,0.49676
null_leaky,50000,13,0.50039,0.25004,1,1.0,0.00545,0.49961
null_leaky,50000,14,0.50273,0.25001,1,1.0,0.00536,0.49727
null_leaky,50000,15,0.4972,0.25004,1,1.0,0.00505,0.5028
null_leaky,50000,16,0.5048,0.24996,1,1.0,0.00546,0.49519
null_leaky,50000,17,0.49826,0.25002,1,1.0,0.00531,0.50174
null_leaky,50000,18,0.49469,0.25009,1,1.0,0.00532,0.50531
null_leaky,50000,19,0.49085,0.25008,1,1.0,0.00528,0.50915
null_leaky,50000,20,0.4941,0.25009,1,1.0,0.00525,0.5059
null_leaky,50000,21,0.49631,0.25004,1,1.0,0.00542,0.50368
null_leaky,50000,22,0.5047,0.25005,1,1.0,0.00534,0.4953
null_leaky,50000,23,0.49997,0.25005,1,1.0,0.0053,0.50003
null_leaky,50000,24,0.50165,0.25006,1,1.0,0.00534,0.49834
null_leaky,50000,25,0.50952,0.24998,1,1.0,0.00507,0.49048
null_leaky,50000,26,0.50018,0.25004,1,1.0,0.00537,0.49982
null_leaky,50000,27,0.4997,0.25008,1,1.0,0.00545,0.5003
null_leaky,50000,28,0.49749,0.25006,1,1.0,0.00523,0.5025
null_leaky,50000,29,0.49688,0.25006,1,1.0,0.00496,0.50312
null_leaky,50000,30,0.4966,0.25005,1,1.0,0.00515,0.50339
null_leaky,100000,1,0.499,0.25003,1,1.0,0.00419,0.501
null_leaky,100000,2,0.49834,0.25003,1,1.0,0.00414,0.50166
null_leaky,100000,3,0.50199,0.25004,1,1.0,0.0043,0.49801
null_leaky,100000,4,0.50489,0.24998,1,1.0,0.00402,0.49511
null_leaky,100000,5,0.49669,0.25003,1,1.0,0.0043,0.50331
null_leaky,100000,6,0.49952,0.25002,1,1.0,0.00422,0.50048
null_leaky,100000,7,0.49964,0.25003,1,1.0,0.00429,0.50035
null_leaky,100000,8,0.50195,0.25001,1,1.0,0.0042,0.49805
null_leaky,100000,9,0.50216,0.25002,1,1.0,0.00417,0.49784
null_leaky,100000,10,0.50154,0.25003,1,1.0,0.00404,0.49846
null_leaky,100000,11,0.49768,0.25003,1,1.0,0.00422,0.50231
null_leaky,100000,12,0.49651,0.25003,1,1.0,0.00416,0.50349
null_leaky,100000,13,0.49792,0.25004,1,1.0,0.00421,0.50208
null_leaky,100000,14,0.49955,0.25002,1,1.0,0.00422,0.50045
null_leaky,100000,15,0.49396,0.25006,1,1.0,0.00418,0.50604
null_leaky,100000,16,0.49133,0.25007,1,1.0,0.00413,0.50867
null_leaky,100000,17,0.50138,0.25001,1,1.0,0.00432,0.49862
null_leaky,100000,18,0.49903,0.25003,1,1.0,0.00422,0.50097
null_leaky,100000,19,0.49955,0.25002,1,1.0,0.0041,0.50045
null_leaky,100000,20,0.50832,0.24993,1,1.0,0.00409,0.49168
null_leaky,100000,21,0.49892,0.25002,1,1.0,0.00424,0.50108
null_leaky,100000,22,0.50261,0.25001,1,1.0,0.00422,0.49738
null_leaky,100000,23,0.50195,0.25001,1,1.0,0.0041,0.49804
null_leaky,100000,24,0.49894,0.25003,1,1.0,0.00423,0.50106
null_leaky,100000,25,0.50073,0.25002,1,1.0,0.00417,0.49927
null_leaky,100000,26,0.4968,0.25004,1,1.0,0.00398,0.50319
null_leaky,100000,27,0.50091,0.25001,1,1.0,0.00416,0.49909
null_leaky,100000,28,0.50075,0.25002,1,1.0,0.00424,0.49925
null_leaky,100000,29,0.50051,0.25001,1,1.0,0.00421,0.49949
null_leaky,100000,30,0.50445,0.25,1,1.0,0.00426,0.49555
