scenario,seed,n,model,AUROC,PR_AUC,Brier
null,1,1500,LogisticRegression,0.5118,0.2784,0.2509
null,2,1500,LogisticRegression,0.4791,0.2519,0.2525
null,3,1500,LogisticRegression,0.5207,0.2721,0.2512
null,4,1500,LogisticRegression,0.4962,0.2581,0.2513
null,5,1500,LogisticRegression,0.4839,0.2447,0.2518
null,6,1500,LogisticRegression,0.5023,0.2656,0.2516
null,7,1500,LogisticRegression,0.4814,0.2556,0.2534
null,8,1500,LogisticRegression,0.4996,0.2789,0.2513
null,9,1500,LogisticRegression,0.4909,0.2504,0.2529
null,10,1500,LogisticRegression,0.5234,0.2843,0.2501
null,11,1500,LogisticRegression,0.5273,0.2687,0.2515
null,12,1500,LogisticRegression,0.5302,0.2813,0.2493
null,13,1500,LogisticRegression,0.5078,0.2697,0.2516
null,14,1500,LogisticRegression,0.5289,0.2744,0.2494
null,15,1500,LogisticRegression,0.5396,0.2894,0.2488
null,16,1500,LogisticRegression,0.5158,0.269,0.2513
null,17,1500,LogisticRegression,0.5036,0.2595,0.2516
null,18,1500,LogisticRegression,0.4999,0.2598,0.2512
null,19,1500,LogisticRegression,0.4822,0.2604,0.2517
null,20,1500,LogisticRegression,0.5165,0.2785,0.2514
null,21,1500,LogisticRegression,0.4635,0.2389,0.2531
null,22,1500,LogisticRegression,0.5125,0.283,0.2507
null,23,1500,LogisticRegression,0.4372,0.2297,0.2538
null,24,1500,LogisticRegression,0.5094,0.2674,0.2513
null,25,1500,LogisticRegression,0.5301,0.2607,0.2505
null,26,1500,LogisticRegression,0.5204,0.2787,0.2503
null,27,1500,LogisticRegression,0.5386,0.2933,0.2489
null,28,1500,LogisticRegression,0.504,0.2544,0.251
null,29,1500,LogisticRegression,0.488,0.2586,0.2523
null,30,1500,LogisticRegression,0.4364,0.2331,0.2564
null,31,1500,LogisticRegression,0.5275,0.2796,0.2488
null,32,1500,LogisticRegression,0.5233,0.2966,0.25
null,33,1500,LogisticRegression,0.501,0.2575,0.2514
null,34,1500,LogisticRegression,0.5021,0.2733,0.2509
null,35,1500,LogisticRegression,0.5136,0.2652,0.2512
null,36,1500,LogisticRegression,0.5298,0.2704,0.2499
null,37,1500,LogisticRegression,0.5449,0.2932,0.2485
null,38,1500,LogisticRegression,0.5119,0.2819,0.2501
null,39,1500,LogisticRegression,0.5044,0.2772,0.251
null,40,1500,LogisticRegression,0.5411,0.2906,0.2492
null,41,1500,LogisticRegression,0.534,0.2876,0.2488
null,42,1500,LogisticRegression,0.4924,0.2577,0.2519
null,43,1500,LogisticRegression,0.4615,0.2409,0.2543
null,44,1500,LogisticRegression,0.4944,0.2616,0.251
null,45,1500,LogisticRegression,0.5132,0.2722,0.2505
null,46,1500,LogisticRegression,0.5005,0.2618,0.2502
null,47,1500,LogisticRegression,0.503,0.2677,0.2518
null,48,1500,LogisticRegression,0.5115,0.2854,0.2505
null,49,1500,LogisticRegression,0.4763,0.2596,0.2524
null,50,1500,LogisticRegression,0.5051,0.273,0.2513
null,51,1500,LogisticRegression,0.4994,0.2661,0.2524
null,52,1500,LogisticRegression,0.5395,0.281,0.2494
null,53,1500,LogisticRegression,0.4719,0.253,0.2519
null,54,1500,LogisticRegression,0.4635,0.2365,0.2534
null,55,1500,LogisticRegression,0.5073,0.259,0.2521
null,56,1500,LogisticRegression,0.5097,0.2773,0.2503
null,57,1500,LogisticRegression,0.5304,0.2749,0.2494
null,58,1500,LogisticRegression,0.5073,0.2737,0.2501
null,59,1500,LogisticRegression,0.5383,0.2941,0.2492
null,60,1500,LogisticRegression,0.5188,0.2758,0.2508
null,61,1500,LogisticRegression,0.5611,0.3021,0.246
null,62,1500,LogisticRegression,0.5204,0.2942,0.2501
null,63,1500,LogisticRegression,0.4756,0.2485,0.2519
null,64,1500,LogisticRegression,0.4818,0.2514,0.2519
null,65,1500,LogisticRegression,0.4339,0.2307,0.2533
null,66,1500,LogisticRegression,0.5034,0.2717,0.2513
null,67,1500,LogisticRegression,0.4653,0.2432,0.2528
null,68,1500,LogisticRegression,0.4997,0.2584,0.2515
null,69,1500,LogisticRegression,0.4881,0.2573,0.2516
null,70,1500,LogisticRegression,0.5064,0.2626,0.2512
null,71,1500,LogisticRegression,0.4979,0.2527,0.2518
null,72,1500,LogisticRegression,0.4961,0.2632,0.2518
null,73,1500,LogisticRegression,0.5056,0.2669,0.2526
null,74,1500,LogisticRegression,0.4585,0.2337,0.2523
null,75,1500,LogisticRegression,0.4624,0.2406,0.254
null,76,1500,LogisticRegression,0.5376,0.2843,0.25
null,77,1500,LogisticRegression,0.4865,0.2559,0.2511
null,78,1500,LogisticRegression,0.4891,0.2484,0.2526
null,79,1500,LogisticRegression,0.4981,0.2622,0.2504
null,80,1500,LogisticRegression,0.493,0.2478,0.2531
null,81,1500,LogisticRegression,0.494,0.2563,0.2515
null,82,1500,LogisticRegression,0.4891,0.2676,0.2516
null,83,1500,LogisticRegression,0.4949,0.257,0.2532
null,84,1500,LogisticRegression,0.4837,0.2548,0.2537
null,85,1500,LogisticRegression,0.4639,0.2364,0.2523
null,86,1500,LogisticRegression,0.5116,0.2721,0.2507
null,87,1500,LogisticRegression,0.5247,0.2689,0.2521
null,88,1500,LogisticRegression,0.4803,0.2725,0.2513
null,89,1500,LogisticRegression,0.5175,0.2748,0.2504
null,90,1500,LogisticRegression,0.4783,0.263,0.252
null,91,1500,LogisticRegression,0.5056,0.2736,0.2514
null,92,1500,LogisticRegression,0.4487,0.2337,0.2533
null,93,1500,LogisticRegression,0.5263,0.2688,0.2501
null,94,1500,LogisticRegression,0.5133,0.2718,0.2506
null,95,1500,LogisticRegression,0.4986,0.2714,0.251
null,96,1500,LogisticRegression,0.4684,0.245,0.2535
null,97,1500,LogisticRegression,0.5189,0.2648,0.2505
null,98,1500,LogisticRegression,0.545,0.2932,0.2489
null,99,1500,LogisticRegression,0.4662,0.2397,0.2536
null,100,1500,LogisticRegression,0.5059,0.2564,0.2515
weak_signal,1,1500,LogisticRegression,0.6061,0.335,0.2411
weak_signal,2,1500,LogisticRegression,0.5871,0.3134,0.2433
weak_signal,3,1500,LogisticRegression,0.5924,0.3255,0.2437
weak_signal,4,1500,LogisticRegression,0.5505,0.3165,0.248
weak_signal,5,1500,LogisticRegression,0.5266,0.2929,0.252
weak_signal,6,1500,LogisticRegression,0.5919,0.3252,0.2442
weak_signal,7,1500,LogisticRegression,0.5591,0.2932,0.2475
weak_signal,8,1500,LogisticRegression,0.5992,0.3517,0.2416
weak_signal,9,1500,LogisticRegression,0.5964,0.3332,0.244
weak_signal,10,1500,LogisticRegression,0.5508,0.3054,0.2475
weak_signal,11,1500,LogisticRegression,0.5869,0.3283,0.2432
weak_signal,12,1500,LogisticRegression,0.5704,0.3049,0.2454
weak_signal,13,1500,LogisticRegression,0.5597,0.319,0.2484
weak_signal,14,1500,LogisticRegression,0.5825,0.3278,0.2445
weak_signal,15,1500,LogisticRegression,0.5704,0.3043,0.2469
weak_signal,16,1500,LogisticRegression,0.5599,0.2945,0.2472
weak_signal,17,1500,LogisticRegression,0.5348,0.2941,0.2494
weak_signal,18,1500,LogisticRegression,0.5394,0.3183,0.2487
weak_signal,19,1500,LogisticRegression,0.6018,0.3258,0.2432
weak_signal,20,1500,LogisticRegression,0.6263,0.3525,0.2384
weak_signal,21,1500,LogisticRegression,0.5711,0.3077,0.2469
weak_signal,22,1500,LogisticRegression,0.6106,0.3604,0.2395
weak_signal,23,1500,LogisticRegression,0.5955,0.3384,0.2441
weak_signal,24,1500,LogisticRegression,0.602,0.3494,0.2415
weak_signal,25,1500,LogisticRegression,0.5837,0.3112,0.2445
weak_signal,26,1500,LogisticRegression,0.569,0.3182,0.2465
weak_signal,27,1500,LogisticRegression,0.6165,0.3778,0.2392
weak_signal,28,1500,LogisticRegression,0.6165,0.3652,0.239
weak_signal,29,1500,LogisticRegression,0.574,0.3342,0.2439
weak_signal,30,1500,LogisticRegression,0.5695,0.3214,0.2464
weak_signal,31,1500,LogisticRegression,0.5911,0.3279,0.2437
weak_signal,32,1500,LogisticRegression,0.57,0.3196,0.2453
weak_signal,33,1500,LogisticRegression,0.5789,0.3337,0.2446
weak_signal,34,1500,LogisticRegression,0.5926,0.3196,0.2439
weak_signal,35,1500,LogisticRegression,0.6065,0.3557,0.2406
weak_signal,36,1500,LogisticRegression,0.5759,0.3121,0.247
weak_signal,37,1500,LogisticRegression,0.5602,0.3054,0.2469
weak_signal,38,1500,LogisticRegression,0.5851,0.3177,0.2449
weak_signal,39,1500,LogisticRegression,0.5935,0.3283,0.244
weak_signal,40,1500,LogisticRegression,0.5773,0.3227,0.2452
weak_signal,41,1500,LogisticRegression,0.5595,0.3047,0.2467
weak_signal,42,1500,LogisticRegression,0.6012,0.3569,0.2419
weak_signal,43,1500,LogisticRegression,0.581,0.3264,0.2464
weak_signal,44,1500,LogisticRegression,0.5674,0.3278,0.2463
weak_signal,45,1500,LogisticRegression,0.5309,0.2759,0.2502
weak_signal,46,1500,LogisticRegression,0.5752,0.321,0.2458
weak_signal,47,1500,LogisticRegression,0.6052,0.3458,0.2421
weak_signal,48,1500,LogisticRegression,0.5959,0.363,0.2425
weak_signal,49,1500,LogisticRegression,0.5522,0.2997,0.2487
weak_signal,50,1500,LogisticRegression,0.6052,0.3423,0.2422
weak_signal,51,1500,LogisticRegression,0.626,0.3741,0.2363
weak_signal,52,1500,LogisticRegression,0.5365,0.2971,0.2502
weak_signal,53,1500,LogisticRegression,0.5636,0.3175,0.247
weak_signal,54,1500,LogisticRegression,0.5937,0.3183,0.2438
weak_signal,55,1500,LogisticRegression,0.5653,0.3159,0.2463
weak_signal,56,1500,LogisticRegression,0.5926,0.3165,0.2438
weak_signal,57,1500,LogisticRegression,0.5761,0.3008,0.2454
weak_signal,58,1500,LogisticRegression,0.5566,0.2993,0.2481
weak_signal,59,1500,LogisticRegression,0.6052,0.3478,0.2409
weak_signal,60,1500,LogisticRegression,0.5807,0.3194,0.2443
weak_signal,61,1500,LogisticRegression,0.5872,0.3431,0.2437
weak_signal,62,1500,LogisticRegression,0.5728,0.3258,0.2461
weak_signal,63,1500,LogisticRegression,0.5898,0.3394,0.2438
weak_signal,64,1500,LogisticRegression,0.5852,0.3499,0.2439
weak_signal,65,1500,LogisticRegression,0.5753,0.3022,0.2462
weak_signal,66,1500,LogisticRegression,0.5781,0.3341,0.2445
weak_signal,67,1500,LogisticRegression,0.556,0.3089,0.2478
weak_signal,68,1500,LogisticRegression,0.597,0.3378,0.2421
weak_signal,69,1500,LogisticRegression,0.5383,0.2927,0.2492
weak_signal,70,1500,LogisticRegression,0.5992,0.3224,0.2428
weak_signal,71,1500,LogisticRegression,0.5918,0.3255,0.2433
weak_signal,72,1500,LogisticRegression,0.5944,0.336,0.2429
weak_signal,73,1500,LogisticRegression,0.5761,0.3207,0.2445
weak_signal,74,1500,LogisticRegression,0.5467,0.299,0.2492
weak_signal,75,1500,LogisticRegression,0.591,0.3204,0.2426
weak_signal,76,1500,LogisticRegression,0.5751,0.3093,0.246
weak_signal,77,1500,LogisticRegression,0.5805,0.3105,0.246
weak_signal,78,1500,LogisticRegression,0.5755,0.3025,0.2453
weak_signal,79,1500,LogisticRegression,0.6001,0.3426,0.2421
weak_signal,80,1500,LogisticRegression,0.6318,0.3521,0.2376
weak_signal,81,1500,LogisticRegression,0.582,0.3236,0.245
weak_signal,82,1500,LogisticRegression,0.6004,0.3506,0.241
weak_signal,83,1500,LogisticRegression,0.5557,0.296,0.248
weak_signal,84,1500,LogisticRegression,0.5881,0.3317,0.2436
weak_signal,85,1500,LogisticRegression,0.6078,0.3448,0.2409
weak_signal,86,1500,LogisticRegression,0.5946,0.3289,0.2437
weak_signal,87,1500,LogisticRegression,0.5955,0.3296,0.2432
weak_signal,88,1500,LogisticRegression,0.5456,0.2889,0.2488
weak_signal,89,1500,LogisticRegression,0.5734,0.3164,0.2451
weak_signal,90,1500,LogisticRegression,0.5817,0.3236,0.2458
weak_signal,91,1500,LogisticRegression,0.5985,0.3311,0.2428
weak_signal,92,1500,LogisticRegression,0.5805,0.3301,0.2448
weak_signal,93,1500,LogisticRegression,0.5849,0.3308,0.2446
weak_signal,94,1500,LogisticRegression,0.6024,0.3506,0.2406
weak_signal,95,1500,LogisticRegression,0.6069,0.362,0.2403
weak_signal,96,1500,LogisticRegression,0.6135,0.3542,0.2397
weak_signal,97,1500,LogisticRegression,0.6046,0.3348,0.2412
weak_signal,98,1500,LogisticRegression,0.5813,0.3396,0.2436
weak_signal,99,1500,LogisticRegression,0.5662,0.3224,0.2465
weak_signal,100,1500,LogisticRegression,0.5947,0.3346,0.2437
moderate_signal,1,1500,LogisticRegression,0.7001,0.4524,0.218
moderate_signal,2,1500,LogisticRegression,0.6777,0.4374,0.2253
moderate_signal,3,1500,LogisticRegression,0.6983,0.4496,0.2185
moderate_signal,4,1500,LogisticRegression,0.6672,0.4392,0.2258
moderate_signal,5,1500,LogisticRegression,0.6476,0.395,0.2331
moderate_signal,6,1500,LogisticRegression,0.6811,0.4322,0.2229
moderate_signal,7,1500,LogisticRegression,0.6525,0.3867,0.2317
moderate_signal,8,1500,LogisticRegression,0.7058,0.4705,0.2173
moderate_signal,9,1500,LogisticRegression,0.6902,0.4431,0.2226
moderate_signal,10,1500,LogisticRegression,0.6681,0.4498,0.226
moderate_signal,11,1500,LogisticRegression,0.6812,0.4506,0.2229
moderate_signal,12,1500,LogisticRegression,0.6865,0.4449,0.2228
moderate_signal,13,1500,LogisticRegression,0.681,0.4656,0.223
moderate_signal,14,1500,LogisticRegression,0.6815,0.4458,0.2227
moderate_signal,15,1500,LogisticRegression,0.6769,0.4247,0.2254
moderate_signal,16,1500,LogisticRegression,0.668,0.4091,0.2283
moderate_signal,17,1500,LogisticRegression,0.6745,0.4295,0.2251
moderate_signal,18,1500,LogisticRegression,0.6768,0.4331,0.2244
moderate_signal,19,1500,LogisticRegression,0.688,0.4184,0.2227
moderate_signal,20,1500,LogisticRegression,0.6684,0.4293,0.2273
moderate_signal,21,1500,LogisticRegression,0.6265,0.3773,0.2366
moderate_signal,22,1500,LogisticRegression,0.677,0.4229,0.2261
moderate_signal,23,1500,LogisticRegression,0.6768,0.4121,0.2257
moderate_signal,24,1500,LogisticRegression,0.6576,0.4036,0.2304
moderate_signal,25,1500,LogisticRegression,0.6769,0.4304,0.2265
moderate_signal,26,1500,LogisticRegression,0.6657,0.4137,0.228
moderate_signal,27,1500,LogisticRegression,0.7008,0.4439,0.2192
moderate_signal,28,1500,LogisticRegression,0.7056,0.4717,0.2166
moderate_signal,29,1500,LogisticRegression,0.6699,0.4272,0.2254
moderate_signal,30,1500,LogisticRegression,0.6772,0.423,0.2252
moderate_signal,31,1500,LogisticRegression,0.6946,0.4677,0.22
moderate_signal,32,1500,LogisticRegression,0.6565,0.4047,0.2296
moderate_signal,33,1500,LogisticRegression,0.671,0.4512,0.2249
moderate_signal,34,1500,LogisticRegression,0.6489,0.3673,0.2336
moderate_signal,35,1500,LogisticRegression,0.6875,0.4525,0.2219
moderate_signal,36,1500,LogisticRegression,0.674,0.4205,0.2277
moderate_signal,37,1500,LogisticRegression,0.6847,0.4283,0.2247
moderate_signal,38,1500,LogisticRegression,0.6693,0.4268,0.227
moderate_signal,39,1500,LogisticRegression,0.6784,0.441,0.223
moderate_signal,40,1500,LogisticRegression,0.6686,0.4106,0.2287
moderate_signal,41,1500,LogisticRegression,0.6589,0.4142,0.2293
moderate_signal,42,1500,LogisticRegression,0.698,0.4632,0.2178
moderate_signal,43,1500,LogisticRegression,0.669,0.4316,0.2261
moderate_signal,44,1500,LogisticRegression,0.6582,0.4069,0.2295
moderate_signal,45,1500,LogisticRegression,0.6676,0.4379,0.228
moderate_signal,46,1500,LogisticRegression,0.6459,0.4019,0.2315
moderate_signal,47,1500,LogisticRegression,0.6923,0.4644,0.2208
moderate_signal,48,1500,LogisticRegression,0.6816,0.4431,0.2243
moderate_signal,49,1500,LogisticRegression,0.6557,0.3962,0.2302
moderate_signal,50,1500,LogisticRegression,0.6511,0.3973,0.2312
moderate_signal,51,1500,LogisticRegression,0.6906,0.4364,0.2222
moderate_signal,52,1500,LogisticRegression,0.6668,0.4054,0.2288
moderate_signal,53,1500,LogisticRegression,0.6544,0.4055,0.2313
moderate_signal,54,1500,LogisticRegression,0.6664,0.4203,0.2282
moderate_signal,55,1500,LogisticRegression,0.6465,0.3881,0.2324
moderate_signal,56,1500,LogisticRegression,0.6565,0.4161,0.2287
moderate_signal,57,1500,LogisticRegression,0.6615,0.4154,0.2288
moderate_signal,58,1500,LogisticRegression,0.6645,0.4263,0.2279
moderate_signal,59,1500,LogisticRegression,0.6919,0.4546,0.2207
moderate_signal,60,1500,LogisticRegression,0.6587,0.3927,0.2311
moderate_signal,61,1500,LogisticRegression,0.677,0.4287,0.2235
moderate_signal,62,1500,LogisticRegression,0.6668,0.4202,0.2276
moderate_signal,63,1500,LogisticRegression,0.6768,0.441,0.2238
moderate_signal,64,1500,LogisticRegression,0.6749,0.4265,0.2265
moderate_signal,65,1500,LogisticRegression,0.6795,0.437,0.2243
moderate_signal,66,1500,LogisticRegression,0.6543,0.3986,0.2312
moderate_signal,67,1500,LogisticRegression,0.6436,0.4048,0.2325
moderate_signal,68,1500,LogisticRegression,0.6911,0.4278,0.2229
moderate_signal,69,1500,LogisticRegression,0.6472,0.3787,0.2331
moderate_signal,70,1500,LogisticRegression,0.707,0.4628,0.2169
moderate_signal,71,1500,LogisticRegression,0.6458,0.4001,0.2318
moderate_signal,72,1500,LogisticRegression,0.6518,0.4154,0.2295
moderate_signal,73,1500,LogisticRegression,0.688,0.451,0.2219
moderate_signal,74,1500,LogisticRegression,0.6657,0.4335,0.2266
moderate_signal,75,1500,LogisticRegression,0.6616,0.4292,0.2276
moderate_signal,76,1500,LogisticRegression,0.6573,0.424,0.2302
moderate_signal,77,1500,LogisticRegression,0.6452,0.3938,0.2341
moderate_signal,78,1500,LogisticRegression,0.6579,0.4094,0.2282
moderate_signal,79,1500,LogisticRegression,0.6857,0.4265,0.2252
moderate_signal,80,1500,LogisticRegression,0.6958,0.4244,0.2223
moderate_signal,81,1500,LogisticRegression,0.6723,0.4089,0.226
moderate_signal,82,1500,LogisticRegression,0.682,0.4376,0.2238
moderate_signal,83,1500,LogisticRegression,0.6272,0.3829,0.2376
moderate_signal,84,1500,LogisticRegression,0.7038,0.4398,0.2193
moderate_signal,85,1500,LogisticRegression,0.6872,0.4323,0.2227
moderate_signal,86,1500,LogisticRegression,0.6887,0.4621,0.2202
moderate_signal,87,1500,LogisticRegression,0.6783,0.4418,0.2245
moderate_signal,88,1500,LogisticRegression,0.6419,0.3832,0.2334
moderate_signal,89,1500,LogisticRegression,0.6711,0.4052,0.2273
moderate_signal,90,1500,LogisticRegression,0.6894,0.4424,0.2217
moderate_signal,91,1500,LogisticRegression,0.6642,0.4233,0.2269
moderate_signal,92,1500,LogisticRegression,0.6661,0.4277,0.2269
moderate_signal,93,1500,LogisticRegression,0.6797,0.3972,0.2267
moderate_signal,94,1500,LogisticRegression,0.6787,0.4343,0.2246
moderate_signal,95,1500,LogisticRegression,0.6691,0.4136,0.2271
moderate_signal,96,1500,LogisticRegression,0.6742,0.4231,0.2248
moderate_signal,97,1500,LogisticRegression,0.6892,0.444,0.2215
moderate_signal,98,1500,LogisticRegression,0.6464,0.41,0.231
moderate_signal,99,1500,LogisticRegression,0.6655,0.4039,0.2295
moderate_signal,100,1500,LogisticRegression,0.6708,0.3969,0.2275
wbv_positive,1,1500,LogisticRegression,0.845,0.6538,0.1622
wbv_positive,2,1500,LogisticRegression,0.8245,0.6597,0.1698
wbv_positive,3,1500,LogisticRegression,0.8368,0.6296,0.1652
wbv_positive,4,1500,LogisticRegression,0.8224,0.6422,0.1714
wbv_positive,5,1500,LogisticRegression,0.8146,0.6226,0.1767
wbv_positive,6,1500,LogisticRegression,0.8257,0.6311,0.172
wbv_positive,7,1500,LogisticRegression,0.8593,0.7004,0.1534
wbv_positive,8,1500,LogisticRegression,0.8335,0.6377,0.1674
wbv_positive,9,1500,LogisticRegression,0.8347,0.6245,0.1669
wbv_positive,10,1500,LogisticRegression,0.8223,0.6197,0.1723
wbv_positive,11,1500,LogisticRegression,0.8321,0.6502,0.1672
wbv_positive,12,1500,LogisticRegression,0.8379,0.6477,0.1661
wbv_positive,13,1500,LogisticRegression,0.8274,0.6449,0.1699
wbv_positive,14,1500,LogisticRegression,0.8366,0.6494,0.1639
wbv_positive,15,1500,LogisticRegression,0.8341,0.6143,0.1671
wbv_positive,16,1500,LogisticRegression,0.8264,0.6238,0.1704
wbv_positive,17,1500,LogisticRegression,0.8436,0.6613,0.1606
wbv_positive,18,1500,LogisticRegression,0.8196,0.6289,0.1736
wbv_positive,19,1500,LogisticRegression,0.8307,0.6343,0.1676
wbv_positive,20,1500,LogisticRegression,0.8144,0.6284,0.1769
wbv_positive,21,1500,LogisticRegression,0.8352,0.6358,0.167
wbv_positive,22,1500,LogisticRegression,0.848,0.683,0.1595
wbv_positive,23,1500,LogisticRegression,0.809,0.6113,0.1784
wbv_positive,24,1500,LogisticRegression,0.8204,0.6179,0.1718
wbv_positive,25,1500,LogisticRegression,0.824,0.6263,0.1723
wbv_positive,26,1500,LogisticRegression,0.8267,0.6298,0.1703
wbv_positive,27,1500,LogisticRegression,0.8493,0.6514,0.158
wbv_positive,28,1500,LogisticRegression,0.8515,0.6599,0.1581
wbv_positive,29,1500,LogisticRegression,0.8469,0.6722,0.1594
wbv_positive,30,1500,LogisticRegression,0.85,0.6434,0.1561
wbv_positive,31,1500,LogisticRegression,0.8503,0.6637,0.1592
wbv_positive,32,1500,LogisticRegression,0.8221,0.6061,0.1724
wbv_positive,33,1500,LogisticRegression,0.8339,0.6437,0.1683
wbv_positive,34,1500,LogisticRegression,0.8131,0.6036,0.1767
wbv_positive,35,1500,LogisticRegression,0.834,0.6583,0.166
wbv_positive,36,1500,LogisticRegression,0.8543,0.6567,0.1572
wbv_positive,37,1500,LogisticRegression,0.8499,0.67,0.1574
wbv_positive,38,1500,LogisticRegression,0.8423,0.6687,0.1632
wbv_positive,39,1500,LogisticRegression,0.8364,0.6423,0.1678
wbv_positive,40,1500,LogisticRegression,0.825,0.6528,0.1712
wbv_positive,41,1500,LogisticRegression,0.8256,0.6172,0.1714
wbv_positive,42,1500,LogisticRegression,0.8289,0.6319,0.169
wbv_positive,43,1500,LogisticRegression,0.8316,0.643,0.1681
wbv_positive,44,1500,LogisticRegression,0.8151,0.5905,0.1768
wbv_positive,45,1500,LogisticRegression,0.8178,0.5861,0.176
wbv_positive,46,1500,LogisticRegression,0.8424,0.6566,0.1619
wbv_positive,47,1500,LogisticRegression,0.8242,0.6163,0.1735
wbv_positive,48,1500,LogisticRegression,0.8445,0.6746,0.1607
wbv_positive,49,1500,LogisticRegression,0.8208,0.6151,0.1737
wbv_positive,50,1500,LogisticRegression,0.8407,0.6757,0.1631
wbv_positive,51,1500,LogisticRegression,0.8474,0.6692,0.1601
wbv_positive,52,1500,LogisticRegression,0.836,0.6289,0.167
wbv_positive,53,1500,LogisticRegression,0.8375,0.6626,0.1662
wbv_positive,54,1500,LogisticRegression,0.819,0.6276,0.1744
wbv_positive,55,1500,LogisticRegression,0.8328,0.6337,0.1674
wbv_positive,56,1500,LogisticRegression,0.8064,0.6122,0.1806
wbv_positive,57,1500,LogisticRegression,0.8438,0.6636,0.1617
wbv_positive,58,1500,LogisticRegression,0.8356,0.6397,0.1661
wbv_positive,59,1500,LogisticRegression,0.828,0.6225,0.1713
wbv_positive,60,1500,LogisticRegression,0.8489,0.6676,0.1586
wbv_positive,61,1500,LogisticRegression,0.8456,0.6703,0.1614
wbv_positive,62,1500,LogisticRegression,0.8557,0.6588,0.1564
wbv_positive,63,1500,LogisticRegression,0.8365,0.6545,0.1642
wbv_positive,64,1500,LogisticRegression,0.8426,0.6728,0.1608
wbv_positive,65,1500,LogisticRegression,0.8254,0.6176,0.1705
wbv_positive,66,1500,LogisticRegression,0.8222,0.6252,0.1726
wbv_positive,67,1500,LogisticRegression,0.8369,0.6423,0.1658
wbv_positive,68,1500,LogisticRegression,0.837,0.652,0.164
wbv_positive,69,1500,LogisticRegression,0.8502,0.6581,0.16
wbv_positive,70,1500,LogisticRegression,0.8295,0.637,0.169
wbv_positive,71,1500,LogisticRegression,0.8399,0.6491,0.1633
wbv_positive,72,1500,LogisticRegression,0.8263,0.6299,0.1711
wbv_positive,73,1500,LogisticRegression,0.8367,0.6321,0.1662
wbv_positive,74,1500,LogisticRegression,0.8252,0.6219,0.171
wbv_positive,75,1500,LogisticRegression,0.8088,0.613,0.1786
wbv_positive,76,1500,LogisticRegression,0.8186,0.6207,0.1748
wbv_positive,77,1500,LogisticRegression,0.8137,0.6147,0.1766
wbv_positive,78,1500,LogisticRegression,0.8483,0.6458,0.1604
wbv_positive,79,1500,LogisticRegression,0.8113,0.6154,0.178
wbv_positive,80,1500,LogisticRegression,0.8287,0.612,0.1709
wbv_positive,81,1500,LogisticRegression,0.8334,0.6439,0.1679
wbv_positive,82,1500,LogisticRegression,0.8201,0.6192,0.1741
wbv_positive,83,1500,LogisticRegression,0.8407,0.6638,0.1629
wbv_positive,84,1500,LogisticRegression,0.8467,0.6584,0.1606
wbv_positive,85,1500,LogisticRegression,0.8284,0.6064,0.1715
wbv_positive,86,1500,LogisticRegression,0.8342,0.6491,0.1669
wbv_positive,87,1500,LogisticRegression,0.8215,0.6382,0.1731
wbv_positive,88,1500,LogisticRegression,0.8151,0.6037,0.1756
wbv_positive,89,1500,LogisticRegression,0.841,0.6506,0.1627
wbv_positive,90,1500,LogisticRegression,0.8397,0.6611,0.1622
wbv_positive,91,1500,LogisticRegression,0.8497,0.676,0.1587
wbv_positive,92,1500,LogisticRegression,0.8255,0.6354,0.1706
wbv_positive,93,1500,LogisticRegression,0.8273,0.6289,0.1708
wbv_positive,94,1500,LogisticRegression,0.8317,0.6552,0.165
wbv_positive,95,1500,LogisticRegression,0.8489,0.6639,0.1577
wbv_positive,96,1500,LogisticRegression,0.8392,0.6484,0.1644
wbv_positive,97,1500,LogisticRegression,0.8325,0.6389,0.1661
wbv_positive,98,1500,LogisticRegression,0.8315,0.6516,0.1671
wbv_positive,99,1500,LogisticRegression,0.8065,0.6158,0.1796
wbv_positive,100,1500,LogisticRegression,0.8391,0.6125,0.1663
